Rank,Name,Platform,Genre,Publisher,EU_Sales,JP_Sales,Other_Sales,Global_Sales
7,New Super Mario Bros.,DS,Platform,Nintendo,9.23,6.5,2.9,30.01
373,Donkey Kong Country 3: Dixie Kong's Double Trouble!,SNES,Platform,Nintendo,0.5,1.75,0.08,3.51
70,Gran Turismo 2,PS,Racing,Sony Computer Entertainment,3.42,1.69,0.5,9.49
1326,4 Nin uchi Mahjong,NES,Misc,Nintendo,0.0,1.45,0.0,1.45
1523,Romancing SaGa 3,SNES,Role-Playing,SquareSoft,0.0,1.29,0.01,1.3
1366,Inazuma Eleven 2,DS,Role-Playing,Nintendo,0.21,1.18,0.03,1.42
1574,Devil Dice,PS,Puzzle,THQ,0.03,1.1,0.08,1.26
721,Dissidia: Final Fantasy,PSP,Fighting,Square Enix,0.51,0.91,0.32,2.25
136,Super Mario Sunshine,GC,Platform,Nintendo,1.26,0.87,0.17,6.31
1640,Pac-Man,NES,Puzzle,Namco Bandai Games,0.08,0.85,0.02,1.22
425,Crisis Core: Final Fantasy VII,PSP,Role-Playing,Square Enix,0.6,0.8,0.44,3.19
639,Ice Hockey,NES,Sports,Nintendo,0.32,0.78,0.05,2.42
416,Tekken,PS,Fighting,Sony Computer Entertainment,1.3,0.77,0.22,3.24
2729,Final Fantasy Legend III,GB,Role-Playing,SquareSoft,0.0,0.76,0.0,0.76
2074,Dynasty Warriors 3: Xtreme Legends,PS2,Action,Tecmo Koei,0.1,0.74,0.03,1.0
1280,Nintendo World Cup,NES,Sports,Nintendo,0.5,0.65,0.05,1.48
297,Star Fox 64,N64,Shooter,Nintendo,0.58,0.64,0.04,4.03
1403,Paper Mario,N64,Role-Playing,Nintendo,0.18,0.59,0.02,1.38
3257,Warriors Orochi 3,PS3,Action,Ubisoft Annecy,0.04,0.57,0.01,0.62
3546,Super Bomberman,SNES,Puzzle,Hudson Soft,0.0,0.57,0.0,0.57
273,Gran Turismo 5 Prologue,PS3,Racing,Sony Computer Entertainment,1.83,0.57,0.53,4.2
3611,Fatal Fury Special,SNES,Fighting,Takara,0.0,0.56,0.0,0.56
640,pro evolution soccer 2011,PS3,Sports,Konami Digital Entertainment,1.18,0.54,0.41,2.42
2183,Wild ARMs,PS,Role-Playing,Sony Computer Entertainment,0.17,0.46,0.06,0.95
4310,Tales of Vesperia,PS3,Role-Playing,Namco Bandai Games,0.0,0.45,0.0,0.45
4095,Yu-Gi-Oh! Forbidden Memories (JP sales),PS,Role-Playing,Konami Digital Entertainment,0.0,0.45,0.03,0.48
2236,Castlevania II: Simon's Quest,NES,Platform,Konami Digital Entertainment,0.06,0.42,0.0,0.93
4769,Jikkyou Powerful Pro Yakuu '94,SNES,Sports,Konami Digital Entertainment,0.0,0.41,0.0,0.41
674,Donkey Kong Land II,GB,Platform,Nintendo,0.48,0.4,0.08,2.35
4849,Mother 3,GBA,Role-Playing,Nintendo,0.0,0.39,0.01,0.4
4956,From TV Animation One Piece: Yume no Lufy Kaizokudan Tanjou!,GB,Role-Playing,Banpresto,0.0,0.39,0.0,0.39
68,Call of Duty: Ghosts,PS3,Shooter,Activision,3.73,0.38,1.38,9.59
4994,SD Gundam G Generation Spirits,PS2,Strategy,Namco Bandai Games,0.0,0.38,0.0,0.38
2441,Castlevania III: Dracula's Curse,NES,Platform,Konami Digital Entertainment,0.07,0.37,0.01,0.85
4388,Samurai Warriors: Xtreme Legends,PS2,Action,Tecmo Koei,0.03,0.36,0.01,0.45
1550,Kid Icarus: Uprising,3DS,Action,Nintendo,0.35,0.36,0.07,1.28
5354,SD Gundam G Generation World,PSP,Strategy,Namco Bandai Games,0.0,0.34,0.0,0.34
5428,Persona 5,PS4,Role-Playing,Atlus,0.0,0.34,0.0,0.34
5667,Dragon Quest Monsters: Battle Road Victory,Wii,Strategy,Square Enix,0.0,0.32,0.0,0.32
4361,Samurai Warriors 3,Wii,Action,Nintendo,0.02,0.32,0.01,0.45
3478,Mega Man Star Force 2: Zerker x Ninja / Saurian,DS,Action,Capcom,0.0,0.31,0.02,0.58
4134,Dynasty Warriors Gundam,PS3,Action,Tecmo Koei,0.01,0.31,0.02,0.48
5719,Jikkyou Powerful Pro Yakyuu Portable 3,PSP,Sports,Konami Digital Entertainment,0.0,0.31,0.0,0.31
5906,Dragon Force,SAT,Strategy,Sega,0.0,0.3,0.0,0.3
6135,Digimon Adventure: Anode Tamer,WS,Role-Playing,Namco Bandai Games,0.0,0.28,0.0,0.28
6606,Doukyuusei if,SAT,Role-Playing,NEC,0.0,0.26,0.0,0.26
6372,Magical Vacation,GBA,Role-Playing,Nintendo,0.0,0.26,0.01,0.27
6551,Karaoke Joysound Wii,Wii,Misc,Hudson Soft,0.0,0.25,0.0,0.26
1273,Banjo-Tooie,N64,Platform,Nintendo,0.36,0.25,0.06,1.49
6773,Tales of Hearts,DS,Role-Playing,Namco Bandai Games,0.0,0.24,0.0,0.24
7277,DS Nishimura Kyotaro Suspense Shin Tantei Series: Kyoto Atami Zekkai no Kotou - Satsui no Wana,DS,Adventure,Tecmo Koei,0.0,0.22,0.0,0.22
7355,Gekijouban Macross F: Itsuwarino Utahime - Hybrid Pack,PS3,Action,Namco Bandai Games,0.0,0.21,0.0,0.21
891,Tetris DX,GB,Puzzle,Nintendo,0.6,0.2,0.07,1.93
7656,Grandia II,DC,Role-Playing,Ubisoft,0.0,0.2,0.0,0.2
7957,Penguin no Mondai X: Tenkuu no 7 Senshi,DS,Action,Konami Digital Entertainment,0.0,0.19,0.0,0.19
3083,New Play Control! Pikmin,Wii,Strategy,Nintendo,0.14,0.19,0.04,0.66
7792,Jikkyou J-League Perfect Striker,N64,Sports,Konami Digital Entertainment,0.0,0.19,0.0,0.19
3469,International Superstar Soccer '98,N64,Sports,Konami Digital Entertainment,0.3,0.19,0.03,0.58
394,Crash Bash,PS,Misc,Sony Computer Entertainment,1.47,0.19,0.17,3.39
7909,Princess Maker: Yumemiru Yosei,PS,Strategy,Sony Computer Entertainment,0.0,0.18,0.01,0.19
8338,Mahjong Fight Club,PSP,Misc,Konami Digital Entertainment,0.0,0.17,0.0,0.17
387,Battlefield 4,PS4,Shooter,Electronic Arts,1.54,0.17,0.38,3.43
8256,Kekkaishi: Karasumori Ayakashi Kidan,DS,Action,Namco Bandai Games,0.0,0.17,0.0,0.17
8698,Toriko: Gourmet Monsters!,3DS,Role-Playing,Namco Bandai Games,0.0,0.16,0.0,0.16
8531,Otogirisou,SNES,Adventure,ChunSoft,0.0,0.16,0.0,0.16
9050,Kenka Banchou 5: Otoko no Housoku,PSP,Action,Spike,0.0,0.14,0.0,0.14
8892,Winning Post 4,PS,Sports,Tecmo Koei,0.0,0.14,0.01,0.15
9004,Tennis no Oji-Sama: Aim at The Victory!,GBA,Sports,Konami Digital Entertainment,0.0,0.14,0.0,0.14
1028,Overwatch,PS4,Shooter,Activision,0.68,0.14,0.26,1.73
3439,Mega Man X7,PS2,Action,Capcom,0.17,0.14,0.06,0.58
5304,Dragon Ball Z: Budokai Tenkaichi 2 (JP sales),Wii,Action,Ужас,0.05,0.14,0.01,0.35
9459,The IdolM@ster: One for All,PS3,Misc,Namco Bandai Games,0.0,0.13,0.0,0.13
1025,Uncharted: Golden Abyss,PSV,Shooter,Sony Computer Entertainment,0.75,0.13,0.27,1.74
9478,Grand Knights History,PSP,Role-Playing,Marvelous Interactive,0.0,0.13,0.0,0.13
9844,Sonic Adventure 2,DC,Platform,Sega,0.0,0.12,0.0,0.12
6311,Rhythm Thief & the Emperor's Treasure,3DS,Misc,Sega,0.07,0.12,0.01,0.27
9590,Derby Stallion Advance,GBA,Sports,Enterbrain,0.0,0.12,0.0,0.13
2458,Devil May Cry HD Collection,PS3,Action,Capcom,0.21,0.11,0.1,0.84
10025,Final Fantasy III,PSP,Role-Playing,Square Enix,0.0,0.11,0.0,0.11
10305,Irozuki Tingle no Koi no Balloon Trip,DS,Adventure,Nintendo,0.0,0.11,0.0,0.11
10249,Sakura Taisen Hanagumi Tsuushin,SAT,Misc,Sega,0.0,0.11,0.0,0.11
10311,Final Fantasy I & II,NES,Role-Playing,Square,0.0,0.11,0.0,0.11
10485,Momotarou Dentetsu 16,Wii,Misc,Hudson Soft,0.0,0.1,0.0,0.1
8166,K-1 World Grand Prix,PS2,Sports,Konami Digital Entertainment,0.03,0.1,0.01,0.18
10471,Mickey's Speedway USA (weekly JP sales),N64,Racing,Nintendo,0.0,0.1,0.0,0.1
9782,Shin Megami Tensei: Devil Survivor 2,3DS,Role-Playing,Atlus,0.03,0.09,0.0,0.12
10340,Goal Storm '97,PS,Sports,Konami Digital Entertainment,0.0,0.09,0.01,0.11
10990,Sound Novel Machi,SAT,Adventure,ChunSoft,0.0,0.09,0.0,0.09
11393,Meitantei Conan & Kindaichi Shounen no Jikenbou: Meguri au Futari no Meitantei,DS,Adventure,Namco Bandai Games,0.0,0.08,0.0,0.08
11287,RockMan EXE 4.5 Real Operation,GBA,Role-Playing,Capcom,0.0,0.08,0.0,0.08
7389,Senran Kagura 2: Deep Crimson,3DS,Action,Marvelous Entertainment,0.03,0.08,0.01,0.21
11526,Sentimental Graffiti: First Window,SAT,Adventure,NEC Interchannel,0.0,0.08,0.0,0.08
11615,Bleach: Heat the Soul 7,PSP,Fighting,Sony Computer Entertainment,0.0,0.08,0.0,0.08
11430,Nobunaga's Ambition: Rise to Power,PS2,Strategy,Tecmo Koei,0.0,0.08,0.0,0.08
11537,Bleach: Erabareshi Tamashii,PS2,Adventure,Sony Computer Entertainment,0.0,0.08,0.0,0.08
11384,God Eater Resurrection,PS4,Action,Namco Bandai Games,0.0,0.08,0.0,0.08
11539,Sengoku Musou 3: Moushouden,Wii,Action,Ackkstudios,0.0,0.08,0.0,0.08
9305,Guilty Gear,PS,Fighting,Virgin Interactive,0.02,0.07,0.01,0.14
11899,J Legend Retsuden,3DS,Misc,Namco Bandai Games,0.0,0.07,0.0,0.07
4034,Sonic Lost World,3DS,Platform,Sega,0.15,0.07,0.03,0.49
2700,SoulCalibur V,PS3,Fighting,Namco Bandai Games,0.24,0.07,0.1,0.76
12012,Point Blank DS (JP sales),DS,Shooter,Atari,0.0,0.07,0.0,0.07
12154,Kanji Sonomama DS Rakubiki Jiten,DS,Misc,Nintendo,0.0,0.07,0.0,0.07
10494,G1 Jockey 3,PS2,Sports,THQ,0.01,0.07,0.0,0.1
12026,IA/VT Colorful,PSV,Misc,Marvelous Entertainment,0.0,0.07,0.0,0.07
12211,Yoake Yori Ruriiro na: Brighter than Dawning Blue,PS2,Adventure,Aria,0.0,0.07,0.0,0.07
12408,Densha De Go! 3 Tsuukinhen,PS2,Simulation,Taito,0.0,0.06,0.0,0.06
12295,Pop'n Music Portable 2,PSP,Misc,Konami Digital Entertainment,0.0,0.06,0.0,0.06
12299,Naruto: Ultimate Ninja Heroes (JP sales),PSP,Fighting,Namco Bandai Games,0.0,0.06,0.0,0.06
12444,KimiKiss,PS2,Adventure,Enterbrain,0.0,0.06,0.0,0.06
12563,PachiPara 13: Super Umi no Pachi-Pro Fuuunroku,PS2,Misc,Irem Software Engineering,0.0,0.06,0.0,0.06
12441,Kekkon: Marriage,SAT,Adventure,Shogakukan,0.0,0.06,0.0,0.06
7484,Anarchy Reigns,PS3,Action,Sega,0.03,0.06,0.02,0.21
12765,Toaru Kagaku no Chou Denjihou,PSP,Adventure,Kadokawa Shoten,0.0,0.06,0.0,0.06
7270,Shin Megami Tensei x Fire Emblem,WiiU,Role-Playing,Nintendo,0.04,0.06,0.01,0.22
9920,MegaTagmension Blanc + Neptune VS Zombies,PSV,Action,Idea Factory International,0.03,0.05,0.01,0.12
6040,Dead Rising: Chop Till You Drop,Wii,Action,Capcom,0.07,0.05,0.02,0.29
13275,Detective Conan: Marionette Symphony,3DS,Adventure,Namco Bandai Games,0.0,0.05,0.0,0.05
7619,Magical Tetris Challenge,N64,Puzzle,Activision,0.02,0.05,0.0,0.2
12935,Chaos;Child,PSV,Adventure,5pb,0.0,0.05,0.0,0.05
13096,Rave Master,GC,Fighting,Konami Digital Entertainment,0.0,0.05,0.0,0.05
13319,Star Driver: Kagayaki no Takuto - Ginga Bishounen Densetsu,PSP,Adventure,Namco Bandai Games,0.0,0.05,0.0,0.05
13216,D.Gray-man: Kami no Shitotachi,DS,Adventure,Konami Digital Entertainment,0.0,0.05,0.0,0.05
9839,Gungnir: Mayari no Gunshin to Eiyuu Sensou,PSP,Role-Playing,Atlus,0.0,0.04,0.01,0.12
13698,Banushi Life Game: Winner's Circle,DS,Sports,Genki,0.0,0.04,0.0,0.04
13500,Shin Fortune Quest: Sokutaku no Kishi,PS,Misc,Media Works,0.0,0.04,0.0,0.04
587,Harry Potter and the Chamber of Secrets,PS2,Action,Electronic Arts,1.22,0.04,0.44,2.61
380,Battlefield: Bad Company 2,X360,Shooter,Electronic Arts,1.02,0.04,0.32,3.48
13613,FIFA Soccer 2003 (weekly jp sales),PS2,Sports,Electronic Arts,0.0,0.04,0.0,0.04
13626,Amagami,PSV,Adventure,Kadokawa Games,0.0,0.04,0.0,0.04
1059,SOCOM 3: U.S. Navy SEALs,PS2,Shooter,Sony Computer Entertainment,0.34,0.04,0.1,1.69
13460,Sotsugyou II: Neo Generation,PS,Simulation,Riverhillsoft,0.0,0.04,0.0,0.04
13875,Gundam Battle Online,DC,Action,Namco Bandai Games,0.0,0.04,0.0,0.04
4537,Castlevania: Portrait of Ruin,DS,Platform,Konami Digital Entertainment,0.03,0.04,0.03,0.43
14098,Detective Conan: Prelude from the Past,PSP,Action,Namco Bandai Games,0.0,0.04,0.0,0.04
845,Forza Horizon,X360,Racing,Microsoft Game Studios,0.98,0.04,0.18,2.02
13942,Aquanaut's Holiday: Kakusareta Kiroku,PS3,Adventure,Sony Computer Entertainment,0.0,0.04,0.0,0.04
13561,428: Fuusa Sareta Shibuya de,PSP,Adventure,Spike,0.0,0.04,0.0,0.04
9363,Hyperdimension Idol Neptunia PP,PSV,Misc,Namco Bandai Games,0.03,0.04,0.02,0.13
5553,NBA Live 96,PS,Sports,Electronic Arts,0.11,0.04,0.02,0.33
13828,Draglade (JP sales),DS,Fighting,505 Games,0.0,0.04,0.0,0.04
3548,Spec Ops: The Line,PS3,Shooter,Take-Two Interactive,0.25,0.04,0.09,0.57
13983,Doraemon: Shin Nobita no Nihon Tanjou,3DS,Misc,FuRyu,0.0,0.04,0.0,0.04
13547,Go Go Ackman 3,SNES,Platform,Banpresto,0.0,0.04,0.0,0.04
14453,Kaidan Restaurant: Zoku! Shin Menu 100-Sen,DS,Misc,Namco Bandai Games,0.0,0.03,0.0,0.03
3654,Tatsunoko vs. Capcom: Ultimate All-Stars,Wii,Fighting,Capcom,0.16,0.03,0.05,0.55
14665,Ganbare Goemon: Toukai Douchuu Ooedo Tengurigaeshi no Maki,DS,Action,Konami Digital Entertainment,0.0,0.03,0.0,0.03
4889,Dungeon Siege III,PS3,Role-Playing,Square Enix,0.14,0.03,0.06,0.39
14220,Pachitte Chonmage Tatsujin 12: Pachinko Ultraman,PS2,Misc,Hackberry,0.0,0.03,0.0,0.03
14467,Dennou Senki Virtual-On Force,X360,Fighting,Sega,0.0,0.03,0.0,0.03
10425,Contact,DS,Role-Playing,Rising Star Games,0.0,0.03,0.01,0.1
1621,Medal of Honor: Airborne,PS3,Shooter,Electronic Arts,0.7,0.03,0.25,1.23
14404,Kiniro no Corda 3,PS2,Adventure,Tecmo Koei,0.0,0.03,0.0,0.03
14153,Kekkaishi: Kokubourou no Kage,Wii,Action,Namco Bandai Games,0.0,0.03,0.0,0.03
3056,The LEGO Movie Videogame,WiiU,Action,Warner Bros. Interactive Entertainment,0.23,0.03,0.06,0.66
7337,Pro Evolution Soccer 2012,Wii,Action,Konami Digital Entertainment,0.08,0.03,0.02,0.21
14349,Hiiro no Kakera 2: Hisui no Shizuku,PS2,Adventure,Idea Factory,0.0,0.03,0.0,0.03
1137,Rage,X360,Shooter,Bethesda Softworks,0.61,0.03,0.15,1.62
14643,Ao no Kanata no Four Rhythm,PSV,Adventure,Unknown,0.0,0.03,0.0,0.03
14632,Hyakumanton no Bara Bara,PSP,Strategy,Sony Computer Entertainment,0.0,0.03,0.0,0.03
14859,Wand of Fortune 2: Jikuu ni Shizumu Mokushiroku,PSP,Adventure,Idea Factory,0.0,0.03,0.0,0.03
12804,Grand Kingdom,PS4,Role-Playing,Nippon Ichi Software,0.0,0.03,0.0,0.06
14582,Bladestorm: Nightmare,PS3,Action,Tecmo Koei,0.0,0.03,0.0,0.03
10569,KORG DS-10 Synthesizer Plus,DS,Misc,AQ Interactive,0.0,0.02,0.01,0.1
15109,D.Gray-man: Sousha no Shikaku,PS2,Adventure,Konami Digital Entertainment,0.0,0.02,0.0,0.02
7565,Le Mans 24 Hours,PS2,Racing,Infogrames,0.07,0.02,0.02,0.2
1714,WWE '12,PS3,Fighting,THQ,0.46,0.02,0.17,1.18
15466,Hana to Otome ni Shukufuku o: Harekaze no Okurimono,PS2,Adventure,Alchemist,0.0,0.02,0.0,0.02
15686,Machi: Unmei no Kousaten,PSP,Adventure,ChunSoft,0.0,0.02,0.0,0.02
15743,TV Anime Idolm@ster: Cinderella Girls G4U! Pack Vol.4,PS3,Action,Namco Bandai Games,0.0,0.02,0.0,0.02
2770,Final Fantasy XIII-2,X360,Role-Playing,Square Enix,0.3,0.02,0.06,0.74
1405,Titanfall,X360,Shooter,Electronic Arts,0.38,0.02,0.11,1.38
15188,Shippuu Mahou Daisakusen: Kingdom-Grandprix,SAT,Shooter,Gaga,0.0,0.02,0.0,0.02
15179,Eureka Seven Vol. 2: The New Vision,PS2,Shooter,Namco Bandai Games,0.0,0.02,0.0,0.02
15496,Otoko Yukaku,PSV,Action,D3Publisher,0.0,0.02,0.0,0.02
3828,GT Pro Series,Wii,Racing,Ubisoft,0.01,0.02,0.04,0.52
15558,Gon: BakuBakuBakuBaku Adventure,3DS,Action,Namco Bandai Games,0.0,0.02,0.0,0.02
743,Saints Row,X360,Action,THQ,0.78,0.02,0.22,2.19
15933,Harukanaru Toki no Naka de 6,PSP,Action,Tecmo Koei,0.0,0.02,0.0,0.02
15869,San Goku Shi DS 2,DS,Strategy,Tecmo Koei,0.0,0.02,0.0,0.02
15511,Hakuoki: Shinkai - Hana no Shou,PSV,Adventure,Idea Factory,0.0,0.02,0.0,0.02
15690,World Class Rugby 2: Kokunai Gekitou Hen '93,SNES,Sports,Misawa,0.0,0.02,0.0,0.02
15005,Canvas 2,PS2,Adventure,Kadokawa Shoten,0.0,0.02,0.0,0.02
15021,Kuusen II,PS2,Simulation,Kadokawa Shoten,0.0,0.02,0.0,0.02
8614,Shinobido 2: Tales of the Ninja,PSV,Action,Sony Computer Entertainment,0.05,0.02,0.03,0.16
2016,Sonic Unleashed,PS3,Platform,Sega,0.33,0.01,0.14,1.03
6192,Bionic Commando,X360,Platform,Capcom,0.12,0.01,0.03,0.28
1579,Brian Lara Cricket,PS,Sports,Codemasters,1.13,0.01,0.1,1.26
16438,Getsuei Gakuen: kou,PSV,Adventure,Arc System Works,0.0,0.01,0.0,0.01
3183,Middle-Earth: Shadow of Mordor,PS3,Action,Warner Bros. Interactive Entertainment,0.33,0.01,0.1,0.64
16468,Help Wanted: 50 Wacky Jobs (jp sales),Wii,Simulation,Hudson Soft,0.01,0.01,0.0,0.01
6442,NBA 07,PS3,Sports,Sony Computer Entertainment,0.0,0.01,0.02,0.26
3035,Castlevania: Lords of Shadow,X360,Action,Konami Digital Entertainment,0.18,0.01,0.05,0.67
1216,Disney Fairies: Tinker Bell,DS,Adventure,Disney Interactive Studios,0.52,0.01,0.15,1.54
2731,Rare Replay,XOne,Misc,Microsoft Game Studios,0.21,0.01,0.07,0.75
1586,Star Wars: The Force Unleashed,PS2,Action,LucasArts,0.0,0.01,0.75,1.25
12660,Warriors: Legends of Troy,X360,Action,Tecmo Koei,0.04,0.01,0.01,0.06
16092,Datenshi no Amai Yuuwaku x Kaikan Phrase,DS,Adventure,FuRyu,0.0,0.01,0.0,0.01
16087,The Legend of Heroes: Trails in the Sky Third Chapter,PS3,Role-Playing,Falcom Corporation,0.0,0.01,0.0,0.01
2351,Kingdoms of Amalur: Reckoning,X360,Role-Playing,Electronic Arts,0.25,0.01,0.07,0.89
16240,Hiiro no Kakera: Shin Tamayori Hime Denshou Portable,PSP,Adventure,Idea Factory,0.0,0.01,0.0,0.01
5554,Clash of the Titans,PS3,Action,Namco Bandai Games,0.16,0.01,0.06,0.33
1983,WWE SmackDown vs. Raw 2010,X360,Fighting,THQ,0.38,0.01,0.11,1.05
593,LittleBigPlanet,PSP,Platform,Sony Computer Entertainment,1.24,0.01,0.69,2.58
280,Madden NFL 2003,PS2,Sports,Electronic Arts,0.21,0.01,0.56,4.14
452,Madden NFL 2002,PS2,Sports,Electronic Arts,0.16,0.01,0.42,3.08
16119,Tears to Tiara: Kakan no Daichi Portable,PSP,Adventure,Aqua Plus,0.0,0.01,0.0,0.01
16128,Tantei Jinguuji Saburo DS: Fuserareta Shinjitsu,DS,Adventure,Arc System Works,0.0,0.01,0.0,0.01
566,Call Of Duty 2: Big Red One,PS2,Shooter,Activision,0.92,0.01,0.26,2.67
7788,Hidden Mysteries: Vampire Secrets,DS,Adventure,Astragon,0.11,0.0,0.02,0.19
10988,MX SuperFly featuring Ricky Carmichael,GC,Racing,THQ,0.02,0.0,0.0,0.09
1539,Midnight Club 3: DUB Edition (America weekly sales),PS2,Racing,Take-Two Interactive,0.05,0.0,0.01,1.29
11812,Still Life,XB,Adventure,Microids,0.02,0.0,0.0,0.07
2672,Need for Speed: Porsche Unleashed,PS,Racing,Electronic Arts,0.29,0.0,0.05,0.77
4704,Wolfenstein: The New Order,X360,Shooter,Bethesda Softworks,0.19,0.0,0.04,0.41
12043,Sprint Cars: Road to Knoxville,PS2,Racing,THQ,0.03,0.0,0.01,0.07
11159,My Stop Smoking Coach: Allen Carr's EasyWay,DS,Misc,Ubisoft,0.01,0.0,0.01,0.09
15651,Tail of the Sun,PS,Role-Playing,ArtDink,0.01,0.0,0.0,0.02
10039,FIFA Street 2,GC,Sports,Electronic Arts,0.02,0.0,0.0,0.11
14275,Best Friends Tonight,DS,Misc,Ubisoft,0.0,0.0,0.0,0.03
4591,Crash: Mind Over Mutant,DS,Platform,Vivendi Games,0.0,0.0,0.03,0.42
801,World of Warcraft: Cataclysm,PC,Role-Playing,Activision,0.32,0.0,0.0,2.08
7680,Taiko Drum Master,PS2,Misc,Namco Bandai Games,0.08,0.0,0.03,0.2
9491,TRON: Evolution,PSP,Action,Disney Interactive Studios,0.02,0.0,0.02,0.13
10826,Disney's Aladdin in Nasira's Revenge,PS,Action,Sony Computer Entertainment,0.04,0.0,0.01,0.09
5159,Rock Band 4,PS4,Misc,Harmonix Music Systems,0.05,0.0,0.07,0.37
5129,Dragonfire,2600,Action,Imagic,0.02,0.0,0.0,0.37
8504,Medieval Games,Wii,Action,Vir2L Studios,0.01,0.0,0.01,0.16
14781,GRID Autosport,PC,Racing,Codemasters,0.02,0.0,0.0,0.03
10462,Despicable Me: The Game,PS2,Platform,D3Publisher,0.04,0.0,0.01,0.1
3036,BioShock Infinite,PC,Shooter,Take-Two Interactive,0.3,0.0,0.08,0.67
10609,Van Helsing,GBA,Action,Activision,0.03,0.0,0.0,0.1
8771,The Terminator: Dawn of Fate,XB,Action,Atari,0.03,0.0,0.01,0.15
3375,NHL 11,PS3,Sports,Electronic Arts,0.13,0.0,0.07,0.6
10912,World Championship Poker 2: Featuring Howard Lederer,XB,Misc,Crave Entertainment,0.02,0.0,0.0,0.09
1410,Disney Princess: Enchanted Journey,Wii,Adventure,Disney Interactive Studios,0.04,0.0,0.09,1.38
8971,Dance Dance Revolution (North America),PS,Simulation,Konami Digital Entertainment,0.06,0.0,0.01,0.15
10817,NASCAR,PSP,Racing,Electronic Arts,0.0,0.0,0.01,0.1
15242,Discovery Kids: Snake Safari,DS,Simulation,505 Games,0.0,0.0,0.0,0.02
4437,Ben 10 Alien Force: Vilgax Attacks,Wii,Action,D3Publisher,0.15,0.0,0.04,0.44
7812,Mace Griffin: Bounty Hunter,PS2,Shooter,Electronic Arts,0.07,0.0,0.02,0.19
5137,Barbie Horse Adventures: Blue Ribbon Race,GBA,Sports,Knowledge Adventure,0.1,0.0,0.01,0.37
8729,"Warhammer 40,000: Fire Warrior",PS2,Shooter,THQ,0.06,0.0,0.02,0.15
7697,Backyard Hockey,GBA,Sports,Atari,0.05,0.0,0.0,0.2
13572,The Smurfs,PS,Action,Infogrames,0.02,0.0,0.0,0.04
7707,Warriors Orochi,X360,Action,Tecmo Koei,0.01,0.0,0.02,0.2
7413,ClayFighter 63 1/3,N64,Fighting,Interplay,0.04,0.0,0.0,0.21
2504,Casper,PS,Adventure,Interplay,0.31,0.0,0.05,0.83
14277,Living Legends: Frozen Beauty,PC,Action,Big Fish Games,0.03,0.0,0.0,0.03
9726,Angry Birds Star Wars,PSV,Strategy,Activision,0.04,0.0,0.03,0.12
7643,Total War: Shogun 2 - Fall of the Samurai,PC,Strategy,Sega,0.1,0.0,0.03,0.2
13370,Mafia,PC,Action,Take-Two Interactive,0.04,0.0,0.01,0.05
2104,Farming Simulator 2013,PC,Simulation,Focus Home Interactive,0.8,0.0,0.18,0.99
4836,Sherlock Holmes: The Mystery of the Mummy,DS,Adventure,Focus Home Interactive,0.3,0.0,0.04,0.4
9775,Lovely Lisa,DS,Simulation,DHM Interactive,0.0,0.0,0.01,0.12
9048,ArmA II,PC,Shooter,505 Games,0.12,0.0,0.03,0.14
6942,Dark Cavern,2600,Shooter,Mattel Interactive,0.01,0.0,0.0,0.24
4922,Need for Speed: Nitro,DS,Racing,Electronic Arts,0.13,0.0,0.04,0.39
15199,Knight's Apprentice: Memorick's Adventures,XB,Action,Microids,0.0,0.0,0.0,0.02
10061,"Sakura Wars: So Long, My Love",Wii,Role-Playing,Ackkstudios,0.04,0.0,0.01,0.11
1609,WWE SmackDown vs. Raw 2009,PS2,Fighting,THQ,0.0,0.0,0.55,1.24
14259,Earthworm Jim 2,GBA,Platform,Vivendi Games,0.01,0.0,0.0,0.03
1901,MySims Agents,DS,Adventure,Electronic Arts,0.43,0.0,0.11,1.08
3318,Split/Second,X360,Racing,Disney Interactive Studios,0.23,0.0,0.06,0.61
10727,The Land Before Time: Great Valley Racing Adventure,PS,Racing,TDK Mediactive,0.04,0.0,0.01,0.1
15525,WRC 2: FIA World Rally Championship,PC,Racing,Ubisoft,0.01,0.0,0.0,0.02
13396,Ford Bold Moves Street Racing,PSP,Racing,Xplosiv,0.0,0.0,0.0,0.05
8064,Cabela's Adventure Camp,Wii,Misc,Activision,0.02,0.0,0.01,0.18
677,Skylanders SWAP Force,Wii,Platform,Activision,0.83,0.0,0.2,2.34
7366,World Poker Tour,PS2,Misc,Take-Two Interactive,0.08,0.0,0.03,0.21
15446,NHL 09,PC,Sports,Electronic Arts,0.02,0.0,0.0,0.02
7159,Conflict: Vietnam,XB,Shooter,SCi,0.05,0.0,0.01,0.22
6253,NBA 2K12,PSP,Sports,Take-Two Interactive,0.03,0.0,0.03,0.28
3041,Rock Band 3,Wii,Misc,MTV Games,0.06,0.0,0.05,0.67
1104,NBA Ballers,PS2,Sports,Midway Games,0.63,0.0,0.21,1.66
3813,Batman: Arkham Origins Blackgate,PSV,Action,Warner Bros. Interactive Entertainment,0.2,0.0,0.13,0.53
10228,Pac-Man and the Ghostly Adventures 2,PS3,Adventure,Namco Bandai Games,0.04,0.0,0.02,0.11
15447,Spanish for Everyone!,DS,Puzzle,Activision,0.0,0.0,0.0,0.02
3051,"The Chronicles of Narnia: The Lion, The Witch and The Wardrobe",GBA,Action,Disney Interactive Studios,0.18,0.0,0.01,0.67
13776,Jojo's Fashion Show: Design in a Dash!,DS,Simulation,Ubisoft,0.0,0.0,0.0,0.04
8390,VR Golf '97,PS,Sports,Gremlin Interactive Ltd,0.06,0.0,0.01,0.17
5611,Prey,X360,Shooter,Take-Two Interactive,0.03,0.0,0.03,0.32
1401,True Crime: Streets of LA,XB,Action,Activision,0.37,0.0,0.05,1.38
11444,Looney Tunes: Acme Arsenal,X360,Action,Warner Bros. Interactive Entertainment,0.01,0.0,0.01,0.08
7672,Spore Hero Arena,DS,Simulation,Electronic Arts,0.0,0.0,0.01,0.2
6629,Ice Age 2: The Meltdown,GBA,Platform,Vivendi Games,0.07,0.0,0.0,0.25
11105,Mad Dog McCree: Gunslinger Pack,Wii,Shooter,Majesco Entertainment,0.0,0.0,0.01,0.09
3759,Jewel Master Egypt,DS,Puzzle,Rondomedia,0.27,0.0,0.05,0.53
3192,Tony Hawk's Pro Skater 2x,XB,Sports,Activision,0.19,0.0,0.03,0.63
8822,Hidden Mysteries: Salem Secrets - Witch Trials of 1692,DS,Puzzle,Astragon,0.04,0.0,0.01,0.15
12730,Aggressive Inline,GC,Sports,Acclaim Entertainment,0.01,0.0,0.0,0.06
1984,Forza Motorsport,XB,Racing,Microsoft Game Studios,0.51,0.0,0.02,1.05
4501,007: Quantum of Solace,PS2,Action,Activision,0.0,0.0,0.26,0.43
7817,Trivial Pursuit unhinged,PS2,Misc,Atari,0.07,0.0,0.02,0.19
11085,MLB Superstars,Wii,Sports,Take-Two Interactive,0.0,0.0,0.01,0.09
7267,Dead Island,PC,Action,Deep Silver,0.07,0.0,0.03,0.22
15536,Shrek / Shark Tale Game Boy Advance Video,GBA,Misc,Hasbro Interactive,0.0,0.0,0.0,0.02
10619,Codename: Kids Next Door: Operation V.I.D.E.O.G.A.M.E.,PS2,Platform,Global Star,0.04,0.0,0.01,0.1
7178,Petz Rescue: Endangered Paradise,DS,Adventure,Ubisoft,0.0,0.0,0.02,0.22
6169,Rocket Power: Beach Bandits,GBA,Platform,THQ,0.07,0.0,0.01,0.28
14121,Asterix & Obelix: Kick Buttix,PS2,Action,Atari,0.01,0.0,0.0,0.03
11889,Elements of Destruction,DS,Strategy,THQ,0.0,0.0,0.01,0.07
15542,The Talos Principle,PS4,Puzzle,Devolver Digital,0.02,0.0,0.0,0.02
9613,Drome Racers,PS2,Racing,Electronic Arts,0.05,0.0,0.02,0.13
11309,Wildlife Park 3,PC,Simulation,bitComposer Games,0.07,0.0,0.02,0.08
13481,Backyard Baseball '09,Wii,Sports,Atari,0.0,0.0,0.0,0.04
13997,Music Maker: Rockstar,PS2,Misc,Magix,0.01,0.0,0.0,0.04
16103,Konami Classics Vol. 2,X360,Misc,Konami Digital Entertainment,0.0,0.0,0.0,0.01
4135,Tomb Raider: Underworld,Wii,Action,Eidos Interactive,0.28,0.0,0.06,0.48
11524,Puzzler Mind Gym 3D,3DS,Puzzle,Ubisoft,0.0,0.0,0.0,0.08
8988,Guilty Gear X2 #Reload,XB,Fighting,Zoo Digital Publishing,0.03,0.0,0.01,0.15
13504,Just Sing! Vol. 2,DS,Misc,PQube,0.04,0.0,0.01,0.04
12733,Viewtiful Joe: Red Hot Rumble,GC,Action,Capcom,0.01,0.0,0.0,0.06
6063,The Urbz: Sims In the City (US weekly sales),DS,Simulation,Electronic Arts,0.0,0.0,0.02,0.29
12410,Call of Duty 2,PC,Shooter,Activision,0.05,0.0,0.01,0.06
11108,Bakugan: Rise of the Resistance,DS,Strategy,Activision,0.02,0.0,0.01,0.09
9029,Casper: Spirit Dimensions,PS2,Platform,TDK Mediactive,0.05,0.0,0.02,0.14
4081,Rayman Raving Rabbids: TV Party,DS,Misc,Ubisoft,0.01,0.0,0.04,0.49
14796,Captain Morgane and the Golden Turtle,PS3,Adventure,Reef Entertainment,0.02,0.0,0.01,0.03
2422,MLB 99,PS,Sports,Sony Computer Entertainment,0.32,0.0,0.06,0.86
5959,Imagine: Makeup Artist,DS,Simulation,Ubisoft,0.0,0.0,0.02,0.29
9967,de Blob 2,DS,Platform,THQ,0.02,0.0,0.01,0.12
13568,Pro Evolution Soccer 2016,PC,Sports,Konami Digital Entertainment,0.04,0.0,0.0,0.04
2921,The Sims 3,DS,Simulation,Electronic Arts,0.25,0.0,0.06,0.7
6931,TrackMania: Build to Race,Wii,Racing,Focus Home Interactive,0.11,0.0,0.03,0.24
3965,The Mummy Returns,PS2,Action,Universal Interactive,0.19,0.0,0.06,0.5
5637,FIFA 2001 Major League Soccer,PS,Sports,Electronic Arts,0.12,0.0,0.02,0.32
2865,Virtua Fighter 4: Evolution,PS2,Fighting,Sega,0.27,0.0,0.09,0.71
13219,World Series of Poker,GC,Misc,Activision Value,0.01,0.0,0.0,0.05
16170,Order Up!!,3DS,Action,Funbox Media,0.01,0.0,0.0,0.01
15059,Xia-Xia,DS,Platform,Ужас,0.02,0.0,0.0,0.02
11699,Titanic Mystery,DS,Puzzle,PlayV,0.02,0.0,0.01,0.08
12706,Blade Dancer: Lineage of Light,PSP,Role-Playing,Atari,0.0,0.0,0.0,0.06
15276,Thomas & Friends: Hero of the Rails,Wii,Misc,Unknown,0.02,0.0,0.0,0.02
14137,Maximum Racing: Drag & Stock Racer,Wii,Racing,Nordic Games,0.0,0.0,0.0,0.03
6102,Earthworm Jim,GBA,Platform,Interplay,0.08,0.0,0.01,0.29
13829,Herc's Adventures,PS,Action,Virgin Interactive,0.01,0.0,0.0,0.04
9768,Chase: Hollywood Stunt Driver,XB,Racing,BAM! Entertainment,0.03,0.0,0.0,0.12
11613,Phantasy Star Online Episode III: C.A.R.D. Revolution,GC,Role-Playing,Sega,0.02,0.0,0.0,0.08
3141,Aliens: Colonial Marines,PS3,Shooter,Sega,0.31,0.0,0.13,0.64
7087,Freedom Fighters,XB,Shooter,Electronic Arts,0.05,0.0,0.01,0.23
12305,Sprung - A Game Where Everyone Scores,DS,Adventure,Ubisoft,0.0,0.0,0.0,0.06
13907,Harry Potter and the Prisoner of Azkaban,PC,Action,Electronic Arts,0.03,0.0,0.01,0.04
5267,Blasto,PS,Action,Sony Computer Entertainment,0.13,0.0,0.02,0.35
7829,Allied General,PS,Strategy,SSI,0.07,0.0,0.01,0.19
7689,Forgotten Realms: Demon Stone,PS2,Action,Atari,0.08,0.0,0.03,0.2
15939,Iron Soldier 3,PS,Simulation,Telegames,0.01,0.0,0.0,0.02
3807,Are You Smarter Than A 5th Grader?,DS,Misc,Mindscape,0.0,0.0,0.04,0.53
6156,Kung Fu Chaos,XB,Fighting,Microsoft Game Studios,0.06,0.0,0.01,0.28
1864,NERF N-Strike,Wii,Shooter,Electronic Arts,0.09,0.0,0.09,1.1
225,The Simpsons: Hit & Run,PS2,Racing,Vivendi Games,2.19,0.0,0.79,4.7
13742,Worms Armageddon,N64,Strategy,Infogrames,0.01,0.0,0.0,0.04
14815,CID The Dummy,Wii,Platform,Oxygen Interactive,0.0,0.0,0.0,0.03
6566,Sega Rally Revo,PSP,Racing,Sega,0.15,0.0,0.08,0.26
15856,Dragon Booster,DS,Shooter,Konami Digital Entertainment,0.0,0.0,0.0,0.02
1179,Hannah Montana: Music Jam,DS,Action,Disney Interactive Studios,0.37,0.0,0.15,1.58
5841,Lumines ll,PSP,Puzzle,Disney Interactive Studios,0.12,0.0,0.07,0.3
14183,Junior Island Adventure,DS,Puzzle,Unknown,0.0,0.0,0.0,0.03
2952,Minecraft: Story Mode,PS3,Adventure,Mojang,0.33,0.0,0.11,0.69
9219,Star Wars: Jedi Power Battles,GBA,Action,THQ,0.04,0.0,0.0,0.14
6927,Covert Ops: Nuclear Dawn,PS,Action,Sony Computer Entertainment,0.09,0.0,0.02,0.24
2711,FIFA Soccer 11,PS2,Sports,Electronic Arts,0.29,0.0,0.36,0.76
13321,Frogger: Ancient Shadow,GC,Platform,Konami Digital Entertainment,0.01,0.0,0.0,0.05
6900,X-Men: Destiny,X360,Action,Activision,0.05,0.0,0.02,0.24
11911,James Cameron's Dark Angel,XB,Action,Vivendi Games,0.02,0.0,0.0,0.07
1840,Tom Clancy's Splinter Cell: Chaos Theory,XB,Action,Ubisoft,0.38,0.0,0.05,1.11
13987,NHL Legacy,PS3,Action,Electronic Arts,0.0,0.0,0.01,0.04
3877,Jampack Winter 2002,PS2,Misc,Sony Computer Entertainment,0.2,0.0,0.07,0.52
10794,The Daring Game for Girls,Wii,Adventure,Unknown,0.0,0.0,0.01,0.1
2718,FIFA 15,Wii,Sports,Electronic Arts,0.46,0.0,0.06,0.76
5161,The Sims 2: Castaway,PS2,Simulation,Electronic Arts,0.01,0.0,0.05,0.37
11107,Game Hits!,DS,Misc,Foreign Media Games,0.01,0.0,0.01,0.09
10881,MLB SlugFest 20-04,XB,Sports,Midway Games,0.02,0.0,0.0,0.09
4253,SingStar Amped,PS2,Misc,Sony Computer Entertainment,0.18,0.0,0.06,0.46
11833,Commandos 2: Men of Courage,XB,Strategy,Eidos Interactive,0.02,0.0,0.0,0.07
5661,Riven: The Sequel to Myst,PS,Adventure,Acclaim Entertainment,0.12,0.0,0.02,0.32
13116,Dual Heroes,N64,Fighting,Hudson Soft,0.01,0.0,0.0,0.05
15072,Escape the Emerald Star,PC,Puzzle,PopCap Games,0.0,0.0,0.0,0.02
2368,Star Wars: Rebel Assault II - The Hidden Empire,PS,Shooter,CTO SpA,0.33,0.0,0.06,0.88
14241,Prince of Persia: The Forgotten Sands,PC,Action,Ubisoft,0.03,0.0,0.0,0.03
8203,NFL 2K2,XB,Sports,Sega,0.04,0.0,0.01,0.18
13871,Caesar IV,PC,Strategy,Vivendi Games,0.03,0.0,0.01,0.04
12136,Hammerin' Hero,PSP,Action,Irem Software Engineering,0.0,0.0,0.01,0.07
10056,Growlanser Generations,PS2,Role-Playing,Atlus,0.04,0.0,0.01,0.11
7848,The Polar Express,GBA,Adventure,THQ,0.05,0.0,0.0,0.19
9218,Ninjatown,DS,Strategy,SouthPeak Games,0.0,0.0,0.01,0.14
3381,The Fight: Lights Out,PS3,Fighting,Sony Computer Entertainment,0.22,0.0,0.09,0.6
13618,The Sims 2: Pets,PC,Simulation,Electronic Arts,0.02,0.0,0.01,0.04
15364,Prehistorik Man,GBA,Platform,THQ,0.01,0.0,0.0,0.02
11598,Monster Trucks DS,DS,Racing,Majesco Entertainment,0.0,0.0,0.01,0.08
15841,Zoey 101: Field Trip Fiasco,DS,Action,THQ,0.0,0.0,0.0,0.02
7027,LEGO The Hobbit,WiiU,Action,Warner Bros. Interactive Entertainment,0.11,0.0,0.02,0.23
9157,Bio FREAKS,N64,Action,GT Interactive,0.03,0.0,0.0,0.14
11836,Roll Away,PS,Puzzle,Sony Computer Entertainment,0.03,0.0,0.0,0.07
4146,Emergency Heroes,Wii,Racing,Ubisoft,0.27,0.0,0.06,0.48
15834,LifeSigns: Surgical Unit,DS,Simulation,JoWood Productions,0.01,0.0,0.0,0.02
14801,Archer Maclean Presents: Pool Paradise,GC,Sports,Ignition Entertainment,0.01,0.0,0.0,0.03
5785,Midway Arcade Treasures 2,XB,Misc,Midway Games,0.05,0.0,0.01,0.31
6693,Wayne Gretzky's 3D Hockey '98,N64,Sports,Midway Games,0.02,0.0,0.0,0.25
10427,Princess Debut,DS,Misc,Cave,0.0,0.0,0.01,0.1
9607,World Cup Golf: Professional Edition,PS,Sports,U.S. Gold,0.05,0.0,0.01,0.13
12371,Tron 2.0: Killer App,GBA,Action,Disney Interactive Studios,0.02,0.0,0.0,0.06
5589,Golden Axe: Beast Rider,PS3,Action,Sega,0.14,0.0,0.06,0.32
10733,Rise of the Tomb Raider,PC,Adventure,Square Enix,0.09,0.0,0.01,0.1
7596,Treasure World,DS,Simulation,Aspyr,0.0,0.0,0.01,0.2
13514,Grand Slam,PS,Misc,Virgin Interactive,0.02,0.0,0.0,0.04
7485,CSI: Deadly Intent,X360,Adventure,Ubisoft,0.08,0.0,0.02,0.21
15585,MotoGP 14,PSV,Racing,Milestone S.r.l.,0.01,0.0,0.0,0.02
1797,The Lord of the Rings: The Return of the King,XB,Action,Electronic Arts,0.38,0.0,0.05,1.14
13492,Dead Island Definitive Collection,XOne,Action,Deep Silver,0.02,0.0,0.0,0.04
13315,Robotech: Invasion,XB,Shooter,Global Star,0.01,0.0,0.0,0.05
12669,Tom Clancy's Ghost Recon: Advanced Warfighter,PS2,Shooter,Ubisoft,0.02,0.0,0.01,0.06
4466,Grind Session,PS,Sports,Sony Computer Entertainment,0.17,0.0,0.03,0.44
3151,LEGO Marvel's Avengers,PS4,Action,Warner Bros. Interactive Entertainment,0.29,0.0,0.1,0.64
2512,DJ Hero 2,X360,Misc,Activision,0.12,0.0,0.06,0.82
6459,Dragon Age Origins: Awakening,PS3,Role-Playing,Spike,0.0,0.0,0.02,0.26
8231,Warriors of Might and Magic,PS2,Adventure,3DO,0.07,0.0,0.02,0.17
11619,Backyard NFL Football '09,DS,Sports,Atari,0.0,0.0,0.01,0.08
11353,Pac-Man World Rally,GC,Racing,Namco Bandai Games,0.02,0.0,0.0,0.08
12549,Create,PC,Action,Electronic Arts,0.01,0.0,0.01,0.06
4300,iCarly,Wii,Adventure,Activision,0.0,0.0,0.03,0.46
12421,Muppets Party Cruise,PS2,Misc,TDK Mediactive,0.02,0.0,0.01,0.06
7451,Tony Hawk's Motion,DS,Sports,Activision,0.0,0.0,0.02,0.21
3310,Half-Life 2,XB,Shooter,Electronic Arts,0.21,0.0,0.03,0.61
3739,WWE SmackDown vs. Raw 2010,DS,Fighting,THQ,0.14,0.0,0.05,0.54
16586,Carmageddon 64,N64,Action,Virgin Interactive,0.0,0.0,0.0,0.01
5524,"Warhammer 40,000: Squad Command",PSP,Strategy,THQ,0.14,0.0,0.08,0.33
13200,Pinball Tycoon,GBA,Misc,Ignition Entertainment,0.01,0.0,0.0,0.05
15647,NHL 2K3,GC,Sports,Sega,0.0,0.0,0.0,0.02
14639,Spectral Souls: Resurrection of the Ethereal Empires,PSP,Role-Playing,Idea Factory,0.0,0.0,0.0,0.03
7017,Imagine: Detective,DS,Simulation,Ubisoft,0.01,0.0,0.06,0.23
15495,Commandos 3: Destination Berlin,PC,Strategy,Eidos Interactive,0.02,0.0,0.0,0.02
9382,Bakugan: Battle Trainer,DS,Action,Activision,0.0,0.0,0.01,0.13
12930,Samurai Champloo: Sidetracked,PS2,Action,Namco Bandai Games,0.02,0.0,0.01,0.05
15702,Lost: Via Domus,PC,Action,Ubisoft,0.01,0.0,0.0,0.02
6448,"Barbie: Jet, Set & Style!",Wii,Misc,THQ,0.01,0.0,0.02,0.26
4389,Tony Hawk's Proving Ground,PS3,Sports,Activision,0.05,0.0,0.05,0.45
12963,Air Conflicts: Aces of World War II,PSP,Simulation,Graffiti,0.0,0.0,0.0,0.05
10844,Raven Squad: Operation Hidden Dagger,X360,Shooter,Evolved Games,0.01,0.0,0.01,0.09
11210,Knights Contract,PS3,Action,Namco Bandai Games,0.03,0.0,0.01,0.09
13079,Shrek Super Party,GC,Misc,TDK Mediactive,0.01,0.0,0.0,0.05
13192,QUIZ PARTY,Wii,Misc,Nintendo,0.05,0.0,0.0,0.05
10508,Astro Boy: The Video Game,DS,Action,D3Publisher,0.0,0.0,0.01,0.1
11929,Galerians: Ash,PS2,Adventure,Sammy Corporation,0.03,0.0,0.01,0.07
11383,Exit,PSP,Puzzle,Ubisoft,0.0,0.0,0.01,0.08
11577,Drama Queens,DS,Misc,Majesco Entertainment,0.0,0.0,0.01,0.08
12069,Tom and Jerry in War of the Whiskers,GC,Fighting,NewKidCo,0.01,0.0,0.0,0.07
15900,The Sims 4: Luxury Party Stuff,PC,Simulation,Electronic Arts,0.01,0.0,0.0,0.02
13554,Get Up and Dance,PS3,Misc,O-Games,0.01,0.0,0.0,0.04
16166,Deus Ex,PC,Role-Playing,Eidos Interactive,0.01,0.0,0.0,0.01
11825,The King of Fighters Collection: The Orochi Saga,PSP,Fighting,Ignition Entertainment,0.0,0.0,0.0,0.07
10173,ESPN NHL Hockey,XB,Sports,Sega,0.02,0.0,0.0,0.11
2910,The Sims 2: Apartment Pets,DS,Simulation,Electronic Arts,0.31,0.0,0.07,0.7
1581,Wheel of Fortune,PS,Misc,Hasbro Interactive,0.22,0.0,0.04,1.26
8481,Spider-Man: Web of Shadows - Amazing Allies Edition,PSP,Action,Activision,0.02,0.0,0.02,0.16
13281,Ribbit King,GC,Sports,Atari,0.01,0.0,0.0,0.05
12923,Black Sigil: Blade of the Exiled,DS,Role-Playing,Graffiti,0.0,0.0,0.0,0.05
9469,The Oregon Trail,3DS,Simulation,Crave Entertainment,0.0,0.0,0.01,0.13
14065,Sins of a Solar Empire: Trinity,PC,Strategy,Kalypso Media,0.03,0.0,0.01,0.04
10948,Tak: The Great Juju Challenge,DS,Platform,THQ,0.0,0.0,0.01,0.09
13439,Ape Escape,PS3,Platform,Sony Computer Entertainment,0.03,0.0,0.01,0.05
13915,Dragon Ball: Advanced Adventure,GBA,Action,Namco Bandai Games,0.01,0.0,0.0,0.04
15236,Dance! It's Your Stage,PS3,Misc,DTP Entertainment,0.02,0.0,0.01,0.02
3393,CyberTiger,PS,Sports,Electronic Arts,0.22,0.0,0.04,0.59
6357,Fantastic 4,XB,Action,Activision,0.06,0.0,0.01,0.27
10278,Charlie and the Chocolate Factory,XB,Adventure,Global Star,0.02,0.0,0.0,0.11
9388,NHL 2K9,PS2,Sports,Take-Two Interactive,0.05,0.0,0.02,0.13
2286,MX vs. ATV Reflex,PS3,Racing,THQ,0.26,0.0,0.12,0.91
15576,Casper's Scare School: Spooky Sports Day,DS,Sports,Blast! Entertainment Ltd,0.0,0.0,0.0,0.02
15531,Rugby 06,XB,Sports,Electronic Arts,0.0,0.0,0.0,0.02
16381,Luxor: Pharaoh's Challenge,DS,Puzzle,Funsta,0.01,0.0,0.0,0.01
12611,PoPoLoCrois,PSP,Role-Playing,Ignition Entertainment,0.0,0.0,0.0,0.06
5638,Peppa Pig: Theme Park Fun,DS,Misc,P2 Games,0.28,0.0,0.04,0.32
5002,NFL GameDay 2002,PS2,Sports,Sony Computer Entertainment,0.15,0.0,0.05,0.38
829,NBA Jam,GEN,Sports,Arena Entertainment,0.25,0.0,0.05,2.05
2114,NASCAR 99,N64,Racing,Electronic Arts,0.04,0.0,0.01,0.98
10747,Rapala Pro Bass Fishing 2010,DS,Sports,Activision,0.0,0.0,0.01,0.1
15710,Back to the Future: The Game,XOne,Adventure,Telltale Games,0.02,0.0,0.0,0.02
5036,Virtua Tennis 2009,Wii,Sports,Sega,0.21,0.0,0.04,0.38
15620,Iridium Runners,PS2,Racing,SouthPeak Games,0.01,0.0,0.0,0.02
4850,Nicktoons: Freeze Frame Frenzy,GBA,Action,THQ,0.11,0.0,0.01,0.4
14306,Stacked with Daniel Negreanu,PSP,Misc,Myelin Media,0.0,0.0,0.0,0.03
10477,Yu-Gi-Oh! 5D's Wheelie Breakers,Wii,Racing,Konami Digital Entertainment,0.01,0.0,0.01,0.1
3524,Tomb Raider: Anniversary,PSP,Action,Eidos Interactive,0.23,0.0,0.13,0.57
16464,Razor Freestyle Scooter,GBA,Sports,Ubisoft,0.0,0.0,0.0,0.01
15237,Sacred Gold,PC,Role-Playing,Encore,0.02,0.0,0.0,0.02
2898,Doom 3: Resurrection of Evil,XB,Shooter,Activision,0.15,0.0,0.03,0.71
13490,"Roswell Conspiracies: Aliens, Myths & Legends",PS,Action,Red Storm Entertainment,0.02,0.0,0.0,0.04
8750,Knockout Kings 2003,GC,Sports,Electronic Arts,0.03,0.0,0.0,0.15
9340,Bio FREAKS,PS,Action,GT Interactive,0.05,0.0,0.01,0.13
4228,The Legend of Spyro: Dawn of the Dragon,DS,Platform,Vivendi Games,0.15,0.0,0.05,0.46
15731,Final Fight: Streetwise,XB,Action,Capcom,0.0,0.0,0.0,0.02
12122,Obscure,PS2,Adventure,Microids,0.03,0.0,0.01,0.07
1798,LEGO Star Wars: The Video Game,GBA,Action,Eidos Interactive,0.3,0.0,0.02,1.14
10610,NFL Tour,X360,Sports,Electronic Arts,0.0,0.0,0.01,0.1
4288,Scooby-Doo! and the Spooky Swamp,Wii,Action,Warner Bros. Interactive Entertainment,0.13,0.0,0.04,0.46
11220,Princess Isabella: A Witch's Curse,DS,Adventure,GSP,0.03,0.0,0.01,0.09
15827,A Vampyre Story,PC,Adventure,Crimson Cow,0.01,0.0,0.0,0.02
6928,DanceDanceRevolution II,Wii,Misc,Konami Digital Entertainment,0.0,0.0,0.02,0.24
14561,Heathcliff! The Fast and the Furriest,Wii,Racing,Storm City Games,0.0,0.0,0.0,0.03
13716,OutRun 2006: Coast 2 Coast,PSP,Racing,Sega,0.01,0.0,0.01,0.04
14209,Crazy Chicken: Star Karts,DS,Racing,Phenomedia,0.0,0.0,0.0,0.03
14268,Rome: Total War - Gold Edition,PC,Strategy,Sega,0.03,0.0,0.01,0.03
14030,World in Conflict: Complete Edition,PC,Strategy,Ubisoft,0.03,0.0,0.01,0.04
11460,The Legend of Alon D'ar,PS2,Role-Playing,Ubisoft,0.03,0.0,0.01,0.08
12888,Rez,PS2,Shooter,Sony Computer Entertainment,0.02,0.0,0.01,0.05
5988,NBA Street V3,GC,Sports,Electronic Arts,0.06,0.0,0.01,0.29
6731,America's Army: Rise of a Soldier,XB,Shooter,Ubisoft,0.05,0.0,0.01,0.25
5444,Tom Clancy's Ghost Recon Advanced Warfighter,XB,Shooter,Ubisoft,0.11,0.0,0.01,0.33
15577,7 Roses: A Darkness Rises,PC,Misc,Avanquest Software,0.02,0.0,0.0,0.02
14834,Ducati Moto,DS,Racing,Vir2L Studios,0.0,0.0,0.0,0.03
10289,The Polar Express,GC,Adventure,THQ,0.02,0.0,0.0,0.11
6230,Pinkalicious,DS,Misc,GameMill Entertainment,0.0,0.0,0.02,0.28
4506,"The Chronicles of Narnia: The Lion, The Witch and The Wardrobe",PS2,Action,Disney Interactive Studios,0.01,0.0,0.06,0.43
7574,Captain America: Super Soldier,PS3,Action,Sega,0.07,0.0,0.03,0.2
8122,World of Outlaws: Sprint Cars,X360,Racing,THQ,0.0,0.0,0.01,0.18
3577,Cabela's Big Game Hunter 2005 Adventures,PS2,Sports,Activision,0.21,0.0,0.07,0.56
6338,Bratz: The Movie,Wii,Simulation,THQ,0.01,0.0,0.02,0.27
6547,Loving Life with Hello Kitty & Friends,DS,Misc,Rising Star Games,0.08,0.0,0.02,0.26
3535,NBA Hangtime,N64,Sports,GT Interactive,0.08,0.0,0.0,0.57
13194,Around the World in 80 Days,GBA,Action,Hip Interactive,0.01,0.0,0.0,0.05
7706,The Fairly Odd Parents: Enter the Cleft,GBA,Platform,THQ,0.05,0.0,0.0,0.2
2143,LEGO The Lord of the Rings,Wii,Action,Warner Bros. Interactive Entertainment,0.37,0.0,0.08,0.97
12557,Pop Cutie! Street Fashion Simulation,DS,Simulation,Tecmo Koei,0.0,0.0,0.0,0.06
11827,You Don't Know Jack,DS,Misc,THQ,0.0,0.0,0.01,0.07
8624,Family Party: 30 Great Games Outdoor Fun,Wii,Misc,D3Publisher,0.01,0.0,0.01,0.16
3287,SingStar Singalong With Disney,PS2,Misc,Sony Computer Entertainment,0.04,0.0,0.57,0.61
10983,Driver: Renegade,3DS,Racing,Ubisoft,0.04,0.0,0.01,0.09
10633,Disney's Donald Duck: Goin' Quackers,N64,Platform,Ubisoft,0.02,0.0,0.0,0.1
9123,Cabela's Outdoor Adventures (2009),PS2,Sports,Activision Value,0.05,0.0,0.02,0.14
7371,Ghostbusters II,2600,Action,Activision,0.01,0.0,0.0,0.21
1750,LEGO Star Wars III: The Clone Wars,DS,Action,LucasArts,0.39,0.0,0.11,1.16
9617,Cabela's Dangerous Hunts 2011,DS,Sports,Activision,0.0,0.0,0.01,0.13
12137,Yoostar on MTV,X360,Misc,Unknown,0.0,0.0,0.0,0.07
4516,MLB 2002,PS,Sports,Sony Computer Entertainment,0.16,0.0,0.03,0.43
12301,Legend of the Dragon,Wii,Fighting,Game Factory,0.0,0.0,0.0,0.06
5890,Crazy Taxi: Catch a Ride,GBA,Racing,THQ,0.08,0.0,0.01,0.3
8712,Putty Squad,PS4,Platform,System 3,0.07,0.0,0.02,0.16
9879,NBA 2K2,GC,Sports,Sega,0.02,0.0,0.0,0.12
881,Scooby Doo and the Cyber Chase,PS,Adventure,THQ,1.23,0.0,0.13,1.94
9897,Battles of Prince of Persia,DS,Strategy,Ubisoft,0.01,0.0,0.01,0.12
4571,NBA Street,GC,Sports,Electronic Arts,0.09,0.0,0.01,0.42
7164,Discovery Kids: Dolphin Discovery,DS,Simulation,505 Games,0.0,0.0,0.01,0.22
