Rank,Name,Platform,Year,Genre,Publisher,NA_Sales,EU_Sales,JP_Sales,Other_Sales,Global_Sales
7164,Discovery Kids: Dolphin Discovery,DS,2008.0,Simulation,505 Games,0.21,0.0,0.0,0.01,0.22
15834,LifeSigns: Surgical Unit,DS,2005.0,Simulation,JoWood Productions,0.01,0.01,0.0,0.0,0.02
11539,Sengoku Musou 3: Moushouden,Wii,2011.0,Action,Ackkstudios,0.0,0.0,0.08,0.0,0.08
593,LittleBigPlanet,PSP,2009.0,Platform,Sony Computer Entertainment,0.64,1.24,0.01,0.69,2.58
12211,Yoake Yori Ruriiro na: Brighter than Dawning Blue,PS2,2006.0,Adventure,Aria,0.0,0.0,0.07,0.0,0.07
8988,Guilty Gear X2 #Reload,XB,2004.0,Fighting,Zoo Digital Publishing,0.11,0.03,0.0,0.01,0.15
12733,Viewtiful Joe: Red Hot Rumble,GC,2005.0,Action,Capcom,0.04,0.01,0.0,0.0,0.06
16103,Konami Classics Vol. 2,X360,2009.0,Misc,Konami Digital Entertainment,0.01,0.0,0.0,0.0,0.01
14796,Captain Morgane and the Golden Turtle,PS3,2012.0,Adventure,Reef Entertainment,0.0,0.02,0.0,0.01,0.03
10249,Sakura Taisen Hanagumi Tsuushin,SAT,1997.0,Misc,Sega,0.0,0.0,0.11,0.0,0.11
2422,MLB 99,PS,1998.0,Sports,Sony Computer Entertainment,0.48,0.32,0.0,0.06,0.86
9967,de Blob 2,DS,2011.0,Platform,THQ,0.09,0.02,0.0,0.01,0.12
15933,Harukanaru Toki no Naka de 6,PSP,2015.0,Action,Tecmo Koei,0.0,0.0,0.02,0.0,0.02
2921,The Sims 3,DS,2010.0,Simulation,Electronic Arts,0.39,0.25,0.0,0.06,0.7
3965,The Mummy Returns,PS2,2001.0,Action,Universal Interactive,0.25,0.19,0.0,0.06,0.5
3654,Tatsunoko vs. Capcom: Ultimate All-Stars,Wii,2010.0,Fighting,Capcom,0.32,0.16,0.03,0.05,0.55
4081,Rayman Raving Rabbids: TV Party,DS,2008.0,Misc,Ubisoft,0.44,0.01,0.0,0.04,0.49
13460,Sotsugyou II: Neo Generation,PS,1995.0,Simulation,Riverhillsoft,0.0,0.0,0.04,0.0,0.04
4889,Dungeon Siege III,PS3,2011.0,Role-Playing,Square Enix,0.17,0.14,0.03,0.06,0.39
7267,Dead Island,PC,2011.0,Action,Deep Silver,0.12,0.07,0.0,0.03,0.22
15021,Kuusen II,PS2,2004.0,Simulation,Kadokawa Shoten,0.0,0.0,0.02,0.0,0.02
11309,Wildlife Park 3,PC,2011.0,Simulation,bitComposer Games,0.0,0.07,0.0,0.02,0.08
3192,Tony Hawk's Pro Skater 2x,XB,2001.0,Sports,Activision,0.41,0.19,0.0,0.03,0.63
12730,Aggressive Inline,GC,2002.0,Sports,Acclaim Entertainment,0.04,0.01,0.0,0.0,0.06
7817,Trivial Pursuit unhinged,PS2,2004.0,Misc,Atari,0.09,0.07,0.0,0.02,0.19
11085,MLB Superstars,Wii,2008.0,Sports,Take-Two Interactive,0.08,0.0,0.0,0.01,0.09
6169,Rocket Power: Beach Bandits,GBA,2002.0,Platform,THQ,0.2,0.07,0.0,0.01,0.28
3257,Warriors Orochi 3,PS3,2011.0,Action,Ubisoft Annecy,0.0,0.04,0.57,0.01,0.62
12563,PachiPara 13: Super Umi no Pachi-Pro Fuuunroku,PS2,2006.0,Misc,Irem Software Engineering,0.0,0.0,0.06,0.0,0.06
4361,Samurai Warriors 3,Wii,2009.0,Action,Nintendo,0.1,0.02,0.32,0.01,0.45
5637,FIFA 2001 Major League Soccer,PS,2000.0,Sports,Electronic Arts,0.18,0.12,0.0,0.02,0.32
3141,Aliens: Colonial Marines,PS3,2013.0,Shooter,Sega,0.2,0.31,0.0,0.13,0.64
14815,CID The Dummy,Wii,2009.0,Platform,Oxygen Interactive,0.02,0.0,0.0,0.0,0.03
6566,Sega Rally Revo,PSP,2007.0,Racing,Sega,0.03,0.15,0.0,0.08,0.26
9219,Star Wars: Jedi Power Battles,GBA,2002.0,Action,THQ,0.1,0.04,0.0,0.0,0.14
12444,KimiKiss,PS2,2006.0,Adventure,Enterbrain,0.0,0.0,0.06,0.0,0.06
6927,Covert Ops: Nuclear Dawn,PS,2000.0,Action,Sony Computer Entertainment,0.13,0.09,0.0,0.02,0.24
1840,Tom Clancy's Splinter Cell: Chaos Theory,XB,2005.0,Action,Ubisoft,0.68,0.38,0.0,0.05,1.11
6156,Kung Fu Chaos,XB,2003.0,Fighting,Microsoft Game Studios,0.21,0.06,0.0,0.01,0.28
11699,Titanic Mystery,DS,2010.0,Puzzle,PlayV,0.05,0.02,0.0,0.01,0.08
9920,MegaTagmension Blanc + Neptune VS Zombies,PSV,2015.0,Action,Idea Factory International,0.02,0.03,0.05,0.01,0.12
15276,Thomas & Friends: Hero of the Rails,Wii,2010.0,Misc,Unknown,0.0,0.02,0.0,0.0,0.02
15511,Hakuoki: Shinkai - Hana no Shou,PSV,2016.0,Adventure,Idea Factory,0.0,0.0,0.02,0.0,0.02
9768,Chase: Hollywood Stunt Driver,XB,2002.0,Racing,BAM! Entertainment,0.09,0.03,0.0,0.0,0.12
13547,Go Go Ackman 3,SNES,1995.0,Platform,Banpresto,0.0,0.0,0.04,0.0,0.04
16170,Order Up!!,3DS,2011.0,Action,Funbox Media,0.0,0.01,0.0,0.0,0.01
13907,Harry Potter and the Prisoner of Azkaban,PC,2004.0,Action,Electronic Arts,0.0,0.03,0.0,0.01,0.04
13983,Doraemon: Shin Nobita no Nihon Tanjou,3DS,2016.0,Misc,FuRyu,0.0,0.0,0.04,0.0,0.04
7619,Magical Tetris Challenge,N64,1997.0,Puzzle,Activision,0.13,0.02,0.05,0.0,0.2
7829,Allied General,PS,1996.0,Strategy,SSI,0.11,0.07,0.0,0.01,0.19
13997,Music Maker: Rockstar,PS2,2009.0,Misc,Magix,0.02,0.01,0.0,0.0,0.04
7672,Spore Hero Arena,DS,2009.0,Simulation,Electronic Arts,0.18,0.0,0.0,0.01,0.2
1401,True Crime: Streets of LA,XB,2003.0,Action,Activision,0.96,0.37,0.0,0.05,1.38
10039,FIFA Street 2,GC,2006.0,Sports,Electronic Arts,0.09,0.02,0.0,0.0,0.11
11430,Nobunaga's Ambition: Rise to Power,PS2,2004.0,Strategy,Tecmo Koei,0.0,0.0,0.08,0.0,0.08
7277,DS Nishimura Kyotaro Suspense Shin Tantei Series: Kyoto Atami Zekkai no Kotou - Satsui no Wana,DS,2007.0,Adventure,Tecmo Koei,0.0,0.0,0.22,0.0,0.22
12043,Sprint Cars: Road to Knoxville,PS2,2005.0,Racing,THQ,0.03,0.03,0.0,0.01,0.07
15005,Canvas 2,PS2,2006.0,Adventure,Kadokawa Shoten,0.0,0.0,0.02,0.0,0.02
297,Star Fox 64,N64,1997.0,Shooter,Nintendo,2.78,0.58,0.64,0.04,4.03
1326,4 Nin uchi Mahjong,NES,1984.0,Misc,Nintendo,0.0,0.0,1.45,0.0,1.45
7,New Super Mario Bros.,DS,2006.0,Platform,Nintendo,11.38,9.23,6.5,2.9,30.01
10826,Disney's Aladdin in Nasira's Revenge,PS,2000.0,Action,Sony Computer Entertainment,0.05,0.04,0.0,0.01,0.09
1523,Romancing SaGa 3,SNES,1995.0,Role-Playing,SquareSoft,0.0,0.0,1.29,0.01,1.3
5137,Barbie Horse Adventures: Blue Ribbon Race,GBA,2003.0,Sports,Knowledge Adventure,0.26,0.1,0.0,0.01,0.37
6442,NBA 07,PS3,2006.0,Sports,Sony Computer Entertainment,0.24,0.0,0.01,0.02,0.26
8892,Winning Post 4,PS,1999.0,Sports,Tecmo Koei,0.0,0.0,0.14,0.01,0.15
15446,NHL 09,PC,2008.0,Sports,Electronic Arts,0.0,0.02,0.0,0.0,0.02
1104,NBA Ballers,PS2,2004.0,Sports,Midway Games,0.81,0.63,0.0,0.21,1.66
15447,Spanish for Everyone!,DS,2007.0,Puzzle,Activision,0.02,0.0,0.0,0.0,0.02
1550,Kid Icarus: Uprising,3DS,2012.0,Action,Nintendo,0.48,0.35,0.36,0.07,1.28
8614,Shinobido 2: Tales of the Ninja,PSV,2011.0,Action,Sony Computer Entertainment,0.06,0.05,0.02,0.03,0.16
10727,The Land Before Time: Great Valley Racing Adventure,PS,2001.0,Racing,TDK Mediactive,0.05,0.04,0.0,0.01,0.1
9726,Angry Birds Star Wars,PSV,2013.0,Strategy,Activision,0.05,0.04,0.0,0.03,0.12
4922,Need for Speed: Nitro,DS,2009.0,Racing,Electronic Arts,0.22,0.13,0.0,0.04,0.39
8064,Cabela's Adventure Camp,Wii,2011.0,Misc,Activision,0.15,0.02,0.0,0.01,0.18
4095,Yu-Gi-Oh! Forbidden Memories (JP sales),PS,1999.0,Role-Playing,Konami Digital Entertainment,0.0,0.0,0.45,0.03,0.48
10425,Contact,DS,2006.0,Role-Playing,Rising Star Games,0.07,0.0,0.03,0.01,0.1
6942,Dark Cavern,2600,1981.0,Shooter,Mattel Interactive,0.22,0.01,0.0,0.0,0.24
15869,San Goku Shi DS 2,DS,2007.0,Strategy,Tecmo Koei,0.0,0.0,0.02,0.0,0.02
7680,Taiko Drum Master,PS2,2004.0,Misc,Namco Bandai Games,0.1,0.08,0.0,0.03,0.2
1410,Disney Princess: Enchanted Journey,Wii,2007.0,Adventure,Disney Interactive Studios,1.24,0.04,0.0,0.09,1.38
13828,Draglade (JP sales),DS,2007.0,Fighting,505 Games,0.0,0.0,0.04,0.0,0.04
273,Gran Turismo 5 Prologue,PS3,2007.0,Racing,Sony Computer Entertainment,1.28,1.83,0.57,0.53,4.2
9305,Guilty Gear,PS,1998.0,Fighting,Virgin Interactive,0.03,0.02,0.07,0.01,0.14
11107,Game Hits!,DS,2010.0,Misc,Foreign Media Games,0.07,0.01,0.0,0.01,0.09
13096,Rave Master,GC,2002.0,Fighting,Konami Digital Entertainment,0.0,0.0,0.05,0.0,0.05
16464,Razor Freestyle Scooter,GBA,2001.0,Sports,Ubisoft,0.01,0.0,0.0,0.0,0.01
2458,Devil May Cry HD Collection,PS3,2012.0,Action,Capcom,0.42,0.21,0.11,0.1,0.84
15237,Sacred Gold,PC,2005.0,Role-Playing,Encore,0.0,0.02,0.0,0.0,0.02
2898,Doom 3: Resurrection of Evil,XB,2005.0,Shooter,Activision,0.53,0.15,0.0,0.03,0.71
8750,Knockout Kings 2003,GC,2002.0,Sports,Electronic Arts,0.12,0.03,0.0,0.0,0.15
9004,Tennis no Oji-Sama: Aim at The Victory!,GBA,2002.0,Sports,Konami Digital Entertainment,0.0,0.0,0.14,0.0,0.14
12122,Obscure,PS2,2004.0,Adventure,Microids,0.03,0.03,0.0,0.01,0.07
5036,Virtua Tennis 2009,Wii,2009.0,Sports,Sega,0.13,0.21,0.0,0.04,0.38
10826,Disney's Aladdin in Nasira's Revenge,PS,2000.0,Action,Sony Computer Entertainment,0.05,0.04,0.0,0.01,0.09
2016,Sonic Unleashed,PS3,2008.0,Platform,Sega,0.56,0.33,0.01,0.14,1.03
6192,Bionic Commando,X360,2009.0,Platform,Capcom,0.12,0.12,0.01,0.03,0.28
15236,Dance! It's Your Stage,PS3,2011.0,Misc,DTP Entertainment,0.0,0.02,0.0,0.01,0.02
9388,NHL 2K9,PS2,2008.0,Sports,Take-Two Interactive,0.07,0.05,0.0,0.02,0.13
16381,Luxor: Pharaoh's Challenge,DS,2007.0,Puzzle,Funsta,0.0,0.01,0.0,0.0,0.01
5002,NFL GameDay 2002,PS2,2001.0,Sports,Sony Computer Entertainment,0.19,0.15,0.0,0.05,0.38
829,NBA Jam,GEN,1992.0,Sports,Arena Entertainment,1.75,0.25,0.0,0.05,2.05
10747,Rapala Pro Bass Fishing 2010,DS,2010.0,Sports,Activision,0.09,0.0,0.0,0.01,0.1
6230,Pinkalicious,DS,2011.0,Misc,GameMill Entertainment,0.26,0.0,0.0,0.02,0.28
12804,Grand Kingdom,PS4,2015.0,Role-Playing,Nippon Ichi Software,0.02,0.0,0.03,0.0,0.06
12137,Yoostar on MTV,X360,,Misc,Unknown,0.06,0.0,0.0,0.0,0.07
4516,MLB 2002,PS,2001.0,Sports,Sony Computer Entertainment,0.24,0.16,0.0,0.03,0.43
12301,Legend of the Dragon,Wii,2007.0,Fighting,Game Factory,0.06,0.0,0.0,0.0,0.06
4571,NBA Street,GC,2002.0,Sports,Electronic Arts,0.33,0.09,0.0,0.01,0.42
13216,D.Gray-man: Kami no Shitotachi,DS,2007.0,Adventure,Konami Digital Entertainment,0.0,0.0,0.05,0.0,0.05
15577,7 Roses: A Darkness Rises,PC,2015.0,Misc,Avanquest Software,0.0,0.02,0.0,0.0,0.02
16092,Datenshi no Amai Yuuwaku x Kaikan Phrase,DS,2010.0,Adventure,FuRyu,0.0,0.0,0.01,0.0,0.01
10289,The Polar Express,GC,2004.0,Adventure,THQ,0.08,0.02,0.0,0.0,0.11
7574,Captain America: Super Soldier,PS3,2011.0,Action,Sega,0.1,0.07,0.0,0.03,0.2
4956,From TV Animation One Piece: Yume no Lufy Kaizokudan Tanjou!,GB,2001.0,Role-Playing,Banpresto,0.0,0.0,0.39,0.0,0.39
5354,SD Gundam G Generation World,PSP,2011.0,Strategy,Namco Bandai Games,0.0,0.0,0.34,0.0,0.34
12765,Toaru Kagaku no Chou Denjihou,PSP,2011.0,Adventure,Kadokawa Shoten,0.0,0.0,0.06,0.0,0.06
5906,Dragon Force,SAT,1996.0,Strategy,Sega,0.0,0.0,0.3,0.0,0.3
8122,World of Outlaws: Sprint Cars,X360,2010.0,Racing,THQ,0.17,0.0,0.0,0.01,0.18
7792,Jikkyou J-League Perfect Striker,N64,1996.0,Sports,Konami Digital Entertainment,0.0,0.0,0.19,0.0,0.19
13275,Detective Conan: Marionette Symphony,3DS,2013.0,Adventure,Namco Bandai Games,0.0,0.0,0.05,0.0,0.05
13194,Around the World in 80 Days,GBA,2004.0,Action,Hip Interactive,0.03,0.01,0.0,0.0,0.05
1574,Devil Dice,PS,1998.0,Puzzle,THQ,0.05,0.03,1.1,0.08,1.26
14065,Sins of a Solar Empire: Trinity,PC,2010.0,Strategy,Kalypso Media,0.0,0.03,0.0,0.01,0.04
9469,The Oregon Trail,3DS,2011.0,Simulation,Crave Entertainment,0.12,0.0,0.0,0.01,0.13
16468,Help Wanted: 50 Wacky Jobs (jp sales),Wii,2008.0,Simulation,Hudson Soft,0.0,0.01,0.01,0.0,0.01
10427,Princess Debut,DS,2008.0,Misc,Cave,0.1,0.0,0.0,0.01,0.1
1059,SOCOM 3: U.S. Navy SEALs,PS2,2005.0,Shooter,Sony Computer Entertainment,1.22,0.34,0.04,0.1,1.69
9607,World Cup Golf: Professional Edition,PS,1995.0,Sports,U.S. Gold,0.07,0.05,0.0,0.01,0.13
12371,Tron 2.0: Killer App,GBA,2004.0,Action,Disney Interactive Studios,0.04,0.02,0.0,0.0,0.06
13500,Shin Fortune Quest: Sokutaku no Kishi,PS,1996.0,Misc,Media Works,0.0,0.0,0.04,0.0,0.04
13613,FIFA Soccer 2003 (weekly jp sales),PS2,2002.0,Sports,Electronic Arts,0.0,0.0,0.04,0.0,0.04
14349,Hiiro no Kakera 2: Hisui no Shizuku,PS2,2007.0,Adventure,Idea Factory,0.0,0.0,0.03,0.0,0.03
2074,Dynasty Warriors 3: Xtreme Legends,PS2,2002.0,Action,Tecmo Koei,0.13,0.1,0.74,0.03,1.0
4146,Emergency Heroes,Wii,2008.0,Racing,Ubisoft,0.15,0.27,0.0,0.06,0.48
7337,Pro Evolution Soccer 2012,Wii,2011.0,Action,Konami Digital Entertainment,0.08,0.08,0.03,0.02,0.21
3035,Castlevania: Lords of Shadow,X360,2010.0,Action,Konami Digital Entertainment,0.42,0.18,0.01,0.05,0.67
7485,CSI: Deadly Intent,X360,2009.0,Adventure,Ubisoft,0.1,0.08,0.0,0.02,0.21
15690,World Class Rugby 2: Kokunai Gekitou Hen '93,SNES,1994.0,Sports,Misawa,0.0,0.0,0.02,0.0,0.02
13315,Robotech: Invasion,XB,2004.0,Shooter,Global Star,0.04,0.01,0.0,0.0,0.05
12669,Tom Clancy's Ghost Recon: Advanced Warfighter,PS2,2006.0,Shooter,Ubisoft,0.03,0.02,0.0,0.01,0.06
7596,Treasure World,DS,2009.0,Simulation,Aspyr,0.19,0.0,0.0,0.01,0.2
7027,LEGO The Hobbit,WiiU,2014.0,Action,Warner Bros. Interactive Entertainment,0.1,0.11,0.0,0.02,0.23
8166,K-1 World Grand Prix,PS2,2002.0,Sports,Konami Digital Entertainment,0.04,0.03,0.1,0.01,0.18
14241,Prince of Persia: The Forgotten Sands,PC,2010.0,Action,Ubisoft,0.0,0.03,0.0,0.0,0.03
12408,Densha De Go! 3 Tsuukinhen,PS2,2001.0,Simulation,Taito,0.0,0.0,0.06,0.0,0.06
743,Saints Row,X360,2006.0,Action,THQ,1.17,0.78,0.02,0.22,2.19
891,Tetris DX,GB,1998.0,Puzzle,Nintendo,1.06,0.6,0.2,0.07,1.93
13871,Caesar IV,PC,2006.0,Strategy,Vivendi Games,0.0,0.03,0.0,0.01,0.04
4849,Mother 3,GBA,2006.0,Role-Playing,Nintendo,0.0,0.0,0.39,0.01,0.4
7848,The Polar Express,GBA,2004.0,Adventure,THQ,0.14,0.05,0.0,0.0,0.19
3381,The Fight: Lights Out,PS3,2010.0,Fighting,Sony Computer Entertainment,0.29,0.22,0.0,0.09,0.6
15364,Prehistorik Man,GBA,2001.0,Platform,THQ,0.01,0.01,0.0,0.0,0.02
7389,Senran Kagura 2: Deep Crimson,3DS,2014.0,Action,Marvelous Entertainment,0.09,0.03,0.08,0.01,0.21
7355,Gekijouban Macross F: Itsuwarino Utahime - Hybrid Pack,PS3,2010.0,Action,Namco Bandai Games,0.0,0.0,0.21,0.0,0.21
11577,Drama Queens,DS,2009.0,Misc,Majesco Entertainment,0.07,0.0,0.0,0.01,0.08
11384,God Eater Resurrection,PS4,2015.0,Action,Namco Bandai Games,0.0,0.0,0.08,0.0,0.08
9839,Gungnir: Mayari no Gunshin to Eiyuu Sensou,PSP,2011.0,Role-Playing,Atlus,0.07,0.0,0.04,0.01,0.12
15900,The Sims 4: Luxury Party Stuff,PC,2015.0,Simulation,Electronic Arts,0.0,0.01,0.0,0.0,0.02
13554,Get Up and Dance,PS3,2011.0,Misc,O-Games,0.03,0.01,0.0,0.0,0.04
14467,Dennou Senki Virtual-On Force,X360,2010.0,Fighting,Sega,0.0,0.0,0.03,0.0,0.03
15558,Gon: BakuBakuBakuBaku Adventure,3DS,2012.0,Action,Namco Bandai Games,0.0,0.0,0.02,0.0,0.02
6551,Karaoke Joysound Wii,Wii,2008.0,Misc,Hudson Soft,0.01,0.0,0.25,0.0,0.26
4389,Tony Hawk's Proving Ground,PS3,2007.0,Sports,Activision,0.36,0.05,0.0,0.05,0.45
452,Madden NFL 2002,PS2,2001.0,Sports,Electronic Arts,2.5,0.16,0.01,0.42,3.08
6135,Digimon Adventure: Anode Tamer,WS,1999.0,Role-Playing,Namco Bandai Games,0.0,0.0,0.28,0.0,0.28
11619,Backyard NFL Football '09,DS,2008.0,Sports,Atari,0.07,0.0,0.0,0.01,0.08
12549,Create,PC,2010.0,Action,Electronic Arts,0.04,0.01,0.0,0.01,0.06
4300,iCarly,Wii,2009.0,Adventure,Activision,0.42,0.0,0.0,0.03,0.46
14098,Detective Conan: Prelude from the Past,PSP,2012.0,Action,Namco Bandai Games,0.0,0.0,0.04,0.0,0.04
8231,Warriors of Might and Magic,PS2,2001.0,Adventure,3DO,0.09,0.07,0.0,0.02,0.17
11287,RockMan EXE 4.5 Real Operation,GBA,2004.0,Role-Playing,Capcom,0.0,0.0,0.08,0.0,0.08
16586,Carmageddon 64,N64,1999.0,Action,Virgin Interactive,0.01,0.0,0.0,0.0,0.01
13200,Pinball Tycoon,GBA,2002.0,Misc,Ignition Entertainment,0.03,0.01,0.0,0.0,0.05
7017,Imagine: Detective,DS,2009.0,Simulation,Ubisoft,0.16,0.01,0.0,0.06,0.23
15495,Commandos 3: Destination Berlin,PC,2003.0,Strategy,Eidos Interactive,0.0,0.02,0.0,0.0,0.02
11444,Looney Tunes: Acme Arsenal,X360,2007.0,Action,Warner Bros. Interactive Entertainment,0.06,0.01,0.0,0.01,0.08
13626,Amagami,PSV,2014.0,Adventure,Kadokawa Games,0.0,0.0,0.04,0.0,0.04
9340,Bio FREAKS,PS,1998.0,Action,GT Interactive,0.07,0.05,0.0,0.01,0.13
15702,Lost: Via Domus,PC,2008.0,Action,Ubisoft,0.0,0.01,0.0,0.0,0.02
12930,Samurai Champloo: Sidetracked,PS2,2006.0,Action,Namco Bandai Games,0.03,0.02,0.0,0.01,0.05
9382,Bakugan: Battle Trainer,DS,2010.0,Action,Activision,0.12,0.0,0.0,0.01,0.13
6311,Rhythm Thief & the Emperor's Treasure,3DS,2012.0,Misc,Sega,0.07,0.07,0.12,0.01,0.27
8698,Toriko: Gourmet Monsters!,3DS,2012.0,Role-Playing,Namco Bandai Games,0.0,0.0,0.16,0.0,0.16
14639,Spectral Souls: Resurrection of the Ethereal Empires,PSP,2005.0,Role-Playing,Idea Factory,0.03,0.0,0.0,0.0,0.03
15647,NHL 2K3,GC,2002.0,Sports,Sega,0.01,0.0,0.0,0.0,0.02
14665,Ganbare Goemon: Toukai Douchuu Ooedo Tengurigaeshi no Maki,DS,2005.0,Action,Konami Digital Entertainment,0.0,0.0,0.03,0.0,0.03
6606,Doukyuusei if,SAT,1996.0,Role-Playing,NEC,0.0,0.0,0.26,0.0,0.26
280,Madden NFL 2003,PS2,2002.0,Sports,Electronic Arts,3.36,0.21,0.01,0.56,4.14
394,Crash Bash,PS,2000.0,Misc,Sony Computer Entertainment,1.56,1.47,0.19,0.17,3.39
6927,Covert Ops: Nuclear Dawn,PS,2000.0,Action,Sony Computer Entertainment,0.13,0.09,0.0,0.02,0.24
3739,WWE SmackDown vs. Raw 2010,DS,2009.0,Fighting,THQ,0.35,0.14,0.0,0.05,0.54
3310,Half-Life 2,XB,2005.0,Shooter,Electronic Arts,0.37,0.21,0.0,0.03,0.61
7451,Tony Hawk's Motion,DS,2008.0,Sports,Activision,0.19,0.0,0.0,0.02,0.21
12421,Muppets Party Cruise,PS2,2003.0,Misc,TDK Mediactive,0.03,0.02,0.0,0.01,0.06
16128,Tantei Jinguuji Saburo DS: Fuserareta Shinjitsu,DS,2009.0,Adventure,Arc System Works,0.0,0.0,0.01,0.0,0.01
70,Gran Turismo 2,PS,1999.0,Racing,Sony Computer Entertainment,3.88,3.42,1.69,0.5,9.49
9844,Sonic Adventure 2,DC,2001.0,Platform,Sega,0.0,0.0,0.12,0.0,0.12
11353,Pac-Man World Rally,GC,2006.0,Racing,Namco Bandai Games,0.06,0.02,0.0,0.0,0.08
4994,SD Gundam G Generation Spirits,PS2,2007.0,Strategy,Namco Bandai Games,0.0,0.0,0.38,0.0,0.38
6448,"Barbie: Jet, Set & Style!",Wii,2011.0,Misc,THQ,0.23,0.01,0.0,0.02,0.26
14453,Kaidan Restaurant: Zoku! Shin Menu 100-Sen,DS,2011.0,Misc,Namco Bandai Games,0.0,0.0,0.03,0.0,0.03
425,Crisis Core: Final Fantasy VII,PSP,2007.0,Role-Playing,Square Enix,1.35,0.6,0.8,0.44,3.19
12963,Air Conflicts: Aces of World War II,PSP,2009.0,Simulation,Graffiti,0.05,0.0,0.0,0.0,0.05
10844,Raven Squad: Operation Hidden Dagger,X360,2009.0,Shooter,Evolved Games,0.08,0.01,0.0,0.01,0.09
13281,Ribbit King,GC,2003.0,Sports,Atari,0.04,0.01,0.0,0.0,0.05
8481,Spider-Man: Web of Shadows - Amazing Allies Edition,PSP,2008.0,Action,Activision,0.12,0.02,0.0,0.02,0.16
1581,Wheel of Fortune,PS,1998.0,Misc,Hasbro Interactive,0.99,0.22,0.0,0.04,1.26
2910,The Sims 2: Apartment Pets,DS,2008.0,Simulation,Electronic Arts,0.32,0.31,0.0,0.07,0.7
10173,ESPN NHL Hockey,XB,2003.0,Sports,Sega,0.08,0.02,0.0,0.0,0.11
11825,The King of Fighters Collection: The Orochi Saga,PSP,2008.0,Fighting,Ignition Entertainment,0.07,0.0,0.0,0.0,0.07
16166,Deus Ex,PC,2000.0,Role-Playing,Eidos Interactive,0.0,0.01,0.0,0.0,0.01
14220,Pachitte Chonmage Tatsujin 12: Pachinko Ultraman,PS2,2007.0,Misc,Hackberry,0.0,0.0,0.03,0.0,0.03
1273,Banjo-Tooie,N64,2000.0,Platform,Nintendo,0.82,0.36,0.25,0.06,1.49
380,Battlefield: Bad Company 2,X360,2010.0,Shooter,Electronic Arts,2.09,1.02,0.04,0.32,3.48
12069,Tom and Jerry in War of the Whiskers,GC,2003.0,Fighting,NewKidCo,0.05,0.01,0.0,0.0,0.07
10494,G1 Jockey 3,PS2,2002.0,Sports,THQ,0.02,0.01,0.07,0.0,0.1
1579,Brian Lara Cricket,PS,1998.0,Sports,Codemasters,0.02,1.13,0.01,0.1,1.26
11383,Exit,PSP,2005.0,Puzzle,Ubisoft,0.07,0.0,0.0,0.01,0.08
11929,Galerians: Ash,PS2,2002.0,Adventure,Sammy Corporation,0.03,0.03,0.0,0.01,0.07
10508,Astro Boy: The Video Game,DS,2009.0,Action,D3Publisher,0.09,0.0,0.0,0.01,0.1
13192,QUIZ PARTY,Wii,2012.0,Misc,Nintendo,0.0,0.05,0.0,0.0,0.05
13079,Shrek Super Party,GC,2003.0,Misc,TDK Mediactive,0.04,0.01,0.0,0.0,0.05
11210,Knights Contract,PS3,2011.0,Action,Namco Bandai Games,0.04,0.03,0.0,0.01,0.09
5524,"Warhammer 40,000: Squad Command",PSP,2007.0,Strategy,THQ,0.11,0.14,0.0,0.08,0.33
6459,Dragon Age Origins: Awakening,PS3,2010.0,Role-Playing,Spike,0.24,0.0,0.0,0.02,0.26
2512,DJ Hero 2,X360,2010.0,Misc,Activision,0.64,0.12,0.0,0.06,0.82
3151,LEGO Marvel's Avengers,PS4,2016.0,Action,Warner Bros. Interactive Entertainment,0.25,0.29,0.0,0.1,0.64
15841,Zoey 101: Field Trip Fiasco,DS,2007.0,Action,THQ,0.02,0.0,0.0,0.0,0.02
11598,Monster Trucks DS,DS,2005.0,Racing,Majesco Entertainment,0.07,0.0,0.0,0.01,0.08
3548,Spec Ops: The Line,PS3,2012.0,Shooter,Take-Two Interactive,0.19,0.25,0.04,0.09,0.57
13618,The Sims 2: Pets,PC,2006.0,Simulation,Electronic Arts,0.01,0.02,0.0,0.01,0.04
2183,Wild ARMs,PS,1996.0,Role-Playing,Sony Computer Entertainment,0.26,0.17,0.46,0.06,0.95
9218,Ninjatown,DS,2008.0,Strategy,SouthPeak Games,0.12,0.0,0.0,0.01,0.14
10340,Goal Storm '97,PS,1996.0,Sports,Konami Digital Entertainment,0.01,0.0,0.09,0.01,0.11
10056,Growlanser Generations,PS2,2003.0,Role-Playing,Atlus,0.06,0.04,0.0,0.01,0.11
7484,Anarchy Reigns,PS3,2012.0,Action,Sega,0.1,0.03,0.06,0.02,0.21
10881,MLB SlugFest 20-04,XB,2003.0,Sports,Midway Games,0.07,0.02,0.0,0.0,0.09
8203,NFL 2K2,XB,2002.0,Sports,Sega,0.13,0.04,0.0,0.01,0.18
587,Harry Potter and the Chamber of Secrets,PS2,2002.0,Action,Electronic Arts,0.9,1.22,0.04,0.44,2.61
14404,Kiniro no Corda 3,PS2,2010.0,Adventure,Tecmo Koei,0.0,0.0,0.03,0.0,0.03
9967,de Blob 2,DS,2011.0,Platform,THQ,0.09,0.02,0.0,0.01,0.12
2368,Star Wars: Rebel Assault II - The Hidden Empire,PS,1996.0,Shooter,CTO SpA,0.49,0.33,0.0,0.06,0.88
15072,Escape the Emerald Star,PC,2011.0,Puzzle,PopCap Games,0.02,0.0,0.0,0.0,0.02
13116,Dual Heroes,N64,1997.0,Fighting,Hudson Soft,0.04,0.01,0.0,0.0,0.05
5661,Riven: The Sequel to Myst,PS,1997.0,Adventure,Acclaim Entertainment,0.18,0.12,0.0,0.02,0.32
11833,Commandos 2: Men of Courage,XB,2002.0,Strategy,Eidos Interactive,0.05,0.02,0.0,0.0,0.07
4253,SingStar Amped,PS2,2007.0,Misc,Sony Computer Entertainment,0.23,0.18,0.0,0.06,0.46
8338,Mahjong Fight Club,PSP,2004.0,Misc,Konami Digital Entertainment,0.0,0.0,0.17,0.0,0.17
12136,Hammerin' Hero,PSP,2008.0,Action,Irem Software Engineering,0.06,0.0,0.0,0.01,0.07
9157,Bio FREAKS,N64,1998.0,Action,GT Interactive,0.11,0.03,0.0,0.0,0.14
7909,Princess Maker: Yumemiru Yosei,PS,1997.0,Strategy,Sony Computer Entertainment,0.0,0.0,0.18,0.01,0.19
2351,Kingdoms of Amalur: Reckoning,X360,2012.0,Role-Playing,Electronic Arts,0.55,0.25,0.01,0.07,0.89
4466,Grind Session,PS,2000.0,Sports,Sony Computer Entertainment,0.24,0.17,0.0,0.03,0.44
639,Ice Hockey,NES,1988.0,Sports,Nintendo,1.27,0.32,0.78,0.05,2.42
12012,Point Blank DS (JP sales),DS,2006.0,Shooter,Atari,0.0,0.0,0.07,0.0,0.07
13492,Dead Island Definitive Collection,XOne,2016.0,Action,Deep Silver,0.02,0.02,0.0,0.0,0.04
4388,Samurai Warriors: Xtreme Legends,PS2,2004.0,Action,Tecmo Koei,0.04,0.03,0.36,0.01,0.45
1797,The Lord of the Rings: The Return of the King,XB,2003.0,Action,Electronic Arts,0.71,0.38,0.0,0.05,1.14
15585,MotoGP 14,PSV,2014.0,Racing,Milestone S.r.l.,0.0,0.01,0.0,0.0,0.02
1640,Pac-Man,NES,1984.0,Puzzle,Namco Bandai Games,0.27,0.08,0.85,0.02,1.22
4769,Jikkyou Powerful Pro Yakuu '94,SNES,1994.0,Sports,Konami Digital Entertainment,0.0,0.0,0.41,0.0,0.41
13514,Grand Slam,PS,1997.0,Misc,Virgin Interactive,0.02,0.02,0.0,0.0,0.04
10733,Rise of the Tomb Raider,PC,2016.0,Adventure,Square Enix,0.0,0.09,0.0,0.01,0.1
12733,Viewtiful Joe: Red Hot Rumble,GC,2005.0,Action,Capcom,0.04,0.01,0.0,0.0,0.06
13698,Banushi Life Game: Winner's Circle,DS,2007.0,Sports,Genki,0.0,0.0,0.04,0.0,0.04
5589,Golden Axe: Beast Rider,PS3,2008.0,Action,Sega,0.13,0.14,0.0,0.06,0.32
1280,Nintendo World Cup,NES,1990.0,Sports,Nintendo,0.28,0.5,0.65,0.05,1.48
9478,Grand Knights History,PSP,2011.0,Role-Playing,Marvelous Interactive,0.0,0.0,0.13,0.0,0.13
15496,Otoko Yukaku,PSV,2015.0,Action,D3Publisher,0.0,0.0,0.02,0.0,0.02
1216,Disney Fairies: Tinker Bell,DS,2008.0,Adventure,Disney Interactive Studios,0.86,0.52,0.01,0.15,1.54
6693,Wayne Gretzky's 3D Hockey '98,N64,1997.0,Sports,Midway Games,0.23,0.02,0.0,0.0,0.25
5785,Midway Arcade Treasures 2,XB,2004.0,Misc,Midway Games,0.24,0.05,0.0,0.01,0.31
14801,Archer Maclean Presents: Pool Paradise,GC,2004.0,Sports,Ignition Entertainment,0.02,0.01,0.0,0.0,0.03
2731,Rare Replay,XOne,2015.0,Misc,Microsoft Game Studios,0.47,0.21,0.01,0.07,0.75
5304,Dragon Ball Z: Budokai Tenkaichi 2 (JP sales),Wii,,Action,,0.15,0.05,0.14,0.01,0.35
1586,Star Wars: The Force Unleashed,PS2,2008.0,Action,LucasArts,0.49,0.0,0.01,0.75,1.25
7656,Grandia II,DC,2000.0,Role-Playing,Ubisoft,0.0,0.0,0.2,0.0,0.2
12923,Black Sigil: Blade of the Exiled,DS,2009.0,Role-Playing,Graffiti,0.05,0.0,0.0,0.0,0.05
6773,Tales of Hearts,DS,2008.0,Role-Playing,Namco Bandai Games,0.0,0.0,0.24,0.0,0.24
14643,Ao no Kanata no Four Rhythm,PSV,2016.0,Adventure,Unknown,0.0,0.0,0.03,0.0,0.03
14209,Crazy Chicken: Star Karts,DS,2008.0,Racing,Phenomedia,0.03,0.0,0.0,0.0,0.03
8531,Otogirisou,SNES,1992.0,Adventure,ChunSoft,0.0,0.0,0.16,0.0,0.16
16087,The Legend of Heroes: Trails in the Sky Third Chapter,PS3,2013.0,Role-Playing,Falcom Corporation,0.0,0.0,0.01,0.0,0.01
3535,NBA Hangtime,N64,1997.0,Sports,GT Interactive,0.48,0.08,0.0,0.0,0.57
6547,Loving Life with Hello Kitty & Friends,DS,2011.0,Misc,Rising Star Games,0.15,0.08,0.0,0.02,0.26
6338,Bratz: The Movie,Wii,2007.0,Simulation,THQ,0.24,0.01,0.0,0.02,0.27
3577,Cabela's Big Game Hunter 2005 Adventures,PS2,2004.0,Sports,Activision,0.28,0.21,0.0,0.07,0.56
7270,Shin Megami Tensei x Fire Emblem,WiiU,2015.0,Role-Playing,Nintendo,0.1,0.04,0.06,0.01,0.22
721,Dissidia: Final Fantasy,PSP,2008.0,Fighting,Square Enix,0.51,0.51,0.91,0.32,2.25
4506,"The Chronicles of Narnia: The Lion, The Witch and The Wardrobe",PS2,2005.0,Action,Disney Interactive Studios,0.36,0.01,0.0,0.06,0.43
4134,Dynasty Warriors Gundam,PS3,2007.0,Action,Tecmo Koei,0.14,0.01,0.31,0.02,0.48
5667,Dragon Quest Monsters: Battle Road Victory,Wii,2010.0,Strategy,Square Enix,0.0,0.0,0.32,0.0,0.32
14268,Rome: Total War - Gold Edition,PC,2006.0,Strategy,Sega,0.0,0.03,0.0,0.01,0.03
14834,Ducati Moto,DS,2008.0,Racing,Vir2L Studios,0.02,0.0,0.0,0.0,0.03
15466,Hana to Otome ni Shukufuku o: Harekaze no Okurimono,PS2,2010.0,Adventure,Alchemist,0.0,0.0,0.02,0.0,0.02
12660,Warriors: Legends of Troy,X360,2011.0,Action,Tecmo Koei,0.0,0.04,0.01,0.01,0.06
5444,Tom Clancy's Ghost Recon Advanced Warfighter,XB,2006.0,Shooter,Ubisoft,0.21,0.11,0.0,0.01,0.33
6731,America's Army: Rise of a Soldier,XB,2005.0,Shooter,Ubisoft,0.19,0.05,0.0,0.01,0.25
5988,NBA Street V3,GC,2005.0,Sports,Electronic Arts,0.23,0.06,0.0,0.01,0.29
12888,Rez,PS2,2001.0,Shooter,Sony Computer Entertainment,0.03,0.02,0.0,0.01,0.05
11460,The Legend of Alon D'ar,PS2,2001.0,Role-Playing,Ubisoft,0.04,0.03,0.0,0.01,0.08
14030,World in Conflict: Complete Edition,PC,2009.0,Strategy,Ubisoft,0.0,0.03,0.0,0.01,0.04
7706,The Fairly Odd Parents: Enter the Cleft,GBA,2002.0,Platform,THQ,0.14,0.05,0.0,0.0,0.2
2143,LEGO The Lord of the Rings,Wii,2012.0,Action,Warner Bros. Interactive Entertainment,0.52,0.37,0.0,0.08,0.97
12557,Pop Cutie! Street Fashion Simulation,DS,2008.0,Simulation,Tecmo Koei,0.06,0.0,0.0,0.0,0.06
11827,You Don't Know Jack,DS,2011.0,Misc,THQ,0.07,0.0,0.0,0.01,0.07
136,Super Mario Sunshine,GC,2002.0,Platform,Nintendo,4.01,1.26,0.87,0.17,6.31
9897,Battles of Prince of Persia,DS,2005.0,Strategy,Ubisoft,0.1,0.01,0.0,0.01,0.12
881,Scooby Doo and the Cyber Chase,PS,2001.0,Adventure,THQ,0.59,1.23,0.0,0.13,1.94
9879,NBA 2K2,GC,2002.0,Sports,Sega,0.09,0.02,0.0,0.0,0.12
8712,Putty Squad,PS4,2013.0,Platform,System 3,0.06,0.07,0.0,0.02,0.16
5890,Crazy Taxi: Catch a Ride,GBA,2003.0,Racing,THQ,0.21,0.08,0.0,0.01,0.3
2441,Castlevania III: Dracula's Curse,NES,1989.0,Platform,Konami Digital Entertainment,0.4,0.07,0.37,0.01,0.85
12154,Kanji Sonomama DS Rakubiki Jiten,DS,2006.0,Misc,Nintendo,0.0,0.0,0.07,0.0,0.07
9388,NHL 2K9,PS2,2008.0,Sports,Take-Two Interactive,0.07,0.05,0.0,0.02,0.13
9363,Hyperdimension Idol Neptunia PP,PSV,2013.0,Misc,Namco Bandai Games,0.04,0.03,0.04,0.02,0.13
9617,Cabela's Dangerous Hunts 2011,DS,2010.0,Sports,Activision,0.12,0.0,0.0,0.01,0.13
1750,LEGO Star Wars III: The Clone Wars,DS,2011.0,Action,LucasArts,0.66,0.39,0.0,0.11,1.16
7371,Ghostbusters II,2600,,Action,Activision,0.2,0.01,0.0,0.0,0.21
9123,Cabela's Outdoor Adventures (2009),PS2,2009.0,Sports,Activision Value,0.07,0.05,0.0,0.02,0.14
10633,Disney's Donald Duck: Goin' Quackers,N64,2000.0,Platform,Ubisoft,0.08,0.02,0.0,0.0,0.1
10983,Driver: Renegade,3DS,2011.0,Racing,Ubisoft,0.05,0.04,0.0,0.01,0.09
3287,SingStar Singalong With Disney,PS2,2008.0,Misc,Sony Computer Entertainment,0.0,0.04,0.0,0.57,0.61
8624,Family Party: 30 Great Games Outdoor Fun,Wii,2009.0,Misc,D3Publisher,0.14,0.01,0.0,0.01,0.16
13561,428: Fuusa Sareta Shibuya de,PSP,2009.0,Adventure,Spike,0.0,0.0,0.04,0.0,0.04
13716,OutRun 2006: Coast 2 Coast,PSP,2006.0,Racing,Sega,0.03,0.01,0.0,0.01,0.04
4095,Yu-Gi-Oh! Forbidden Memories (JP sales),PS,1999.0,Role-Playing,Konami Digital Entertainment,0.0,0.0,0.45,0.03,0.48
15531,Rugby 06,XB,2006.0,Sports,Electronic Arts,0.01,0.0,0.0,0.0,0.02
14561,Heathcliff! The Fast and the Furriest,Wii,2010.0,Racing,Storm City Games,0.03,0.0,0.0,0.0,0.03
13716,OutRun 2006: Coast 2 Coast,PSP,2006.0,Racing,Sega,0.03,0.01,0.0,0.01,0.04
15710,Back to the Future: The Game,XOne,2015.0,Adventure,Telltale Games,0.0,0.02,0.0,0.0,0.02
15686,Machi: Unmei no Kousaten,PSP,2006.0,Adventure,ChunSoft,0.0,0.0,0.02,0.0,0.02
2114,NASCAR 99,N64,1998.0,Racing,Electronic Arts,0.94,0.04,0.0,0.01,0.98
416,Tekken,PS,1995.0,Fighting,Sony Computer Entertainment,0.95,1.3,0.77,0.22,3.24
10311,Final Fantasy I & II,NES,1994.0,Role-Playing,Square,0.0,0.0,0.11,0.0,0.11
5638,Peppa Pig: Theme Park Fun,DS,2011.0,Misc,P2 Games,0.0,0.28,0.0,0.04,0.32
12611,PoPoLoCrois,PSP,2005.0,Role-Playing,Ignition Entertainment,0.05,0.0,0.0,0.0,0.06
12299,Naruto: Ultimate Ninja Heroes (JP sales),PSP,2006.0,Fighting,Namco Bandai Games,0.0,0.0,0.06,0.0,0.06
15576,Casper's Scare School: Spooky Sports Day,DS,2009.0,Sports,Blast! Entertainment Ltd,0.02,0.0,0.0,0.0,0.02
10948,Tak: The Great Juju Challenge,DS,2005.0,Platform,THQ,0.09,0.0,0.0,0.01,0.09
2286,MX vs. ATV Reflex,PS3,2009.0,Racing,THQ,0.52,0.26,0.0,0.12,0.91
10569,KORG DS-10 Synthesizer Plus,DS,2009.0,Misc,AQ Interactive,0.08,0.0,0.02,0.01,0.1
10278,Charlie and the Chocolate Factory,XB,2005.0,Adventure,Global Star,0.08,0.02,0.0,0.0,0.11
6357,Fantastic 4,XB,2005.0,Action,Activision,0.2,0.06,0.0,0.01,0.27
3183,Middle-Earth: Shadow of Mordor,PS3,2014.0,Action,Warner Bros. Interactive Entertainment,0.2,0.33,0.01,0.1,0.64
3393,CyberTiger,PS,1998.0,Sports,Electronic Arts,0.33,0.22,0.0,0.04,0.59
11615,Bleach: Heat the Soul 7,PSP,2010.0,Fighting,Sony Computer Entertainment,0.0,0.0,0.08,0.0,0.08
14582,Bladestorm: Nightmare,PS3,2015.0,Action,Tecmo Koei,0.0,0.0,0.03,0.0,0.03
13915,Dragon Ball: Advanced Adventure,GBA,2004.0,Action,Namco Bandai Games,0.03,0.01,0.0,0.0,0.04
11526,Sentimental Graffiti: First Window,SAT,1997.0,Adventure,NEC Interchannel,0.0,0.0,0.08,0.0,0.08
13439,Ape Escape,PS3,2010.0,Platform,Sony Computer Entertainment,0.0,0.03,0.0,0.01,0.05
3546,Super Bomberman,SNES,1992.0,Puzzle,Hudson Soft,0.0,0.0,0.57,0.0,0.57
15620,Iridium Runners,PS2,2008.0,Racing,SouthPeak Games,0.01,0.01,0.0,0.0,0.02
4850,Nicktoons: Freeze Frame Frenzy,GBA,2004.0,Action,THQ,0.29,0.11,0.0,0.01,0.4
14306,Stacked with Daniel Negreanu,PSP,2006.0,Misc,Myelin Media,0.03,0.0,0.0,0.0,0.03
6928,DanceDanceRevolution II,Wii,,Misc,Konami Digital Entertainment,0.22,0.0,0.0,0.02,0.24
15827,A Vampyre Story,PC,2008.0,Adventure,Crimson Cow,0.0,0.01,0.0,0.0,0.02
11220,Princess Isabella: A Witch's Curse,DS,2010.0,Adventure,GSP,0.05,0.03,0.0,0.01,0.09
4288,Scooby-Doo! and the Spooky Swamp,Wii,2010.0,Action,Warner Bros. Interactive Entertainment,0.29,0.13,0.0,0.04,0.46
5554,Clash of the Titans,PS3,2010.0,Action,Namco Bandai Games,0.09,0.16,0.01,0.06,0.33
10610,NFL Tour,X360,2008.0,Sports,Electronic Arts,0.09,0.0,0.0,0.01,0.1
1798,LEGO Star Wars: The Video Game,GBA,2005.0,Action,Eidos Interactive,0.82,0.3,0.0,0.02,1.14
14859,Wand of Fortune 2: Jikuu ni Shizumu Mokushiroku,PSP,2011.0,Adventure,Idea Factory,0.0,0.0,0.03,0.0,0.03
15731,Final Fight: Streetwise,XB,2006.0,Action,Capcom,0.01,0.0,0.0,0.0,0.02
4228,The Legend of Spyro: Dawn of the Dragon,DS,2008.0,Platform,Vivendi Games,0.26,0.15,0.0,0.05,0.46
5161,The Sims 2: Castaway,PS2,2007.0,Simulation,Electronic Arts,0.3,0.01,0.0,0.05,0.37
1714,WWE '12,PS3,2011.0,Fighting,THQ,0.53,0.46,0.02,0.17,1.18
13490,"Roswell Conspiracies: Aliens, Myths & Legends",PS,2001.0,Action,Red Storm Entertainment,0.02,0.02,0.0,0.0,0.04
387,Battlefield 4,PS4,2013.0,Shooter,Electronic Arts,1.34,1.54,0.17,0.38,3.43
68,Call of Duty: Ghosts,PS3,2013.0,Shooter,Activision,4.09,3.73,0.38,1.38,9.59
1025,Uncharted: Golden Abyss,PSV,2011.0,Shooter,Sony Computer Entertainment,0.59,0.75,0.13,0.27,1.74
3524,Tomb Raider: Anniversary,PSP,2007.0,Action,Eidos Interactive,0.21,0.23,0.0,0.13,0.57
566,Call Of Duty 2: Big Red One,PS2,2005.0,Shooter,Activision,1.48,0.92,0.01,0.26,2.67
10477,Yu-Gi-Oh! 5D's Wheelie Breakers,Wii,2009.0,Racing,Konami Digital Entertainment,0.09,0.01,0.0,0.01,0.1
11836,Roll Away,PS,1998.0,Puzzle,Sony Computer Entertainment,0.04,0.03,0.0,0.0,0.07
7957,Penguin no Mondai X: Tenkuu no 7 Senshi,DS,2009.0,Action,Konami Digital Entertainment,0.0,0.0,0.19,0.0,0.19
12305,Sprung - A Game Where Everyone Scores,DS,2004.0,Adventure,Ubisoft,0.06,0.0,0.0,0.0,0.06
2718,FIFA 15,Wii,2014.0,Sports,Electronic Arts,0.24,0.46,0.0,0.06,0.76
10609,Van Helsing,GBA,2004.0,Action,Activision,0.07,0.03,0.0,0.0,0.1
11899,J Legend Retsuden,3DS,2013.0,Misc,Namco Bandai Games,0.0,0.0,0.07,0.0,0.07
15242,Discovery Kids: Snake Safari,DS,2009.0,Simulation,505 Games,0.02,0.0,0.0,0.0,0.02
8729,"Warhammer 40,000: Fire Warrior",PS2,2003.0,Shooter,THQ,0.08,0.06,0.0,0.02,0.15
8504,Medieval Games,Wii,2009.0,Action,Vir2L Studios,0.14,0.01,0.0,0.01,0.16
2672,Need for Speed: Porsche Unleashed,PS,1999.0,Racing,Electronic Arts,0.43,0.29,0.0,0.05,0.77
15651,Tail of the Sun,PS,1996.0,Role-Playing,ArtDink,0.01,0.01,0.0,0.0,0.02
6040,Dead Rising: Chop Till You Drop,Wii,2009.0,Action,Capcom,0.15,0.07,0.05,0.02,0.29
9048,ArmA II,PC,2009.0,Shooter,505 Games,0.0,0.12,0.0,0.03,0.14
6253,NBA 2K12,PSP,2011.0,Sports,Take-Two Interactive,0.22,0.03,0.0,0.03,0.28
13776,Jojo's Fashion Show: Design in a Dash!,DS,2009.0,Simulation,Ubisoft,0.04,0.0,0.0,0.0,0.04
16119,Tears to Tiara: Kakan no Daichi Portable,PSP,2010.0,Adventure,Aqua Plus,0.0,0.0,0.01,0.0,0.01
4836,Sherlock Holmes: The Mystery of the Mummy,DS,2009.0,Adventure,Focus Home Interactive,0.06,0.3,0.0,0.04,0.4
14153,Kekkaishi: Kokubourou no Kage,Wii,2007.0,Action,Namco Bandai Games,0.0,0.0,0.03,0.0,0.03
1137,Rage,X360,2011.0,Shooter,Bethesda Softworks,0.82,0.61,0.03,0.15,1.62
11159,My Stop Smoking Coach: Allen Carr's EasyWay,DS,2008.0,Misc,Ubisoft,0.07,0.01,0.0,0.01,0.09
425,Crisis Core: Final Fantasy VII,PSP,2007.0,Role-Playing,Square Enix,1.35,0.6,0.8,0.44,3.19
5553,NBA Live 96,PS,1996.0,Sports,Electronic Arts,0.16,0.11,0.04,0.02,0.33
1901,MySims Agents,DS,2009.0,Adventure,Electronic Arts,0.55,0.43,0.0,0.11,1.08
14259,Earthworm Jim 2,GBA,2002.0,Platform,Vivendi Games,0.02,0.01,0.0,0.0,0.03
1609,WWE SmackDown vs. Raw 2009,PS2,2008.0,Fighting,THQ,0.69,0.0,0.0,0.55,1.24
10061,"Sakura Wars: So Long, My Love",Wii,2010.0,Role-Playing,Ackkstudios,0.06,0.04,0.0,0.01,0.11
15199,Knight's Apprentice: Memorick's Adventures,XB,2004.0,Action,Microids,0.02,0.0,0.0,0.0,0.02
3478,Mega Man Star Force 2: Zerker x Ninja / Saurian,DS,2007.0,Action,Capcom,0.25,0.0,0.31,0.02,0.58
9775,Lovely Lisa,DS,2007.0,Simulation,DHM Interactive,0.11,0.0,0.0,0.01,0.12
7413,ClayFighter 63 1/3,N64,1997.0,Fighting,Interplay,0.17,0.04,0.0,0.0,0.21
2104,Farming Simulator 2013,PC,2012.0,Simulation,Focus Home Interactive,0.0,0.8,0.0,0.18,0.99
13370,Mafia,PC,2002.0,Action,Take-Two Interactive,0.0,0.04,0.0,0.01,0.05
7643,Total War: Shogun 2 - Fall of the Samurai,PC,2012.0,Strategy,Sega,0.07,0.1,0.0,0.03,0.2
15109,D.Gray-man: Sousha no Shikaku,PS2,2008.0,Adventure,Konami Digital Entertainment,0.0,0.0,0.02,0.0,0.02
14277,Living Legends: Frozen Beauty,PC,2014.0,Action,Big Fish Games,0.0,0.03,0.0,0.0,0.03
2504,Casper,PS,1996.0,Adventure,Interplay,0.46,0.31,0.0,0.05,0.83
3318,Split/Second,X360,2010.0,Racing,Disney Interactive Studios,0.32,0.23,0.0,0.06,0.61
674,Donkey Kong Land II,GB,1996.0,Platform,Nintendo,1.39,0.48,0.4,0.08,2.35
15525,WRC 2: FIA World Rally Championship,PC,2011.0,Racing,Ubisoft,0.0,0.01,0.0,0.0,0.02
13396,Ford Bold Moves Street Racing,PSP,2006.0,Racing,Xplosiv,0.04,0.0,0.0,0.0,0.05
5611,Prey,X360,2006.0,Shooter,Take-Two Interactive,0.27,0.03,0.0,0.03,0.32
10990,Sound Novel Machi,SAT,1998.0,Adventure,ChunSoft,0.0,0.0,0.09,0.0,0.09
3051,"The Chronicles of Narnia: The Lion, The Witch and The Wardrobe",GBA,,Action,Disney Interactive Studios,0.48,0.18,0.0,0.01,0.67
10485,Momotarou Dentetsu 16,Wii,2007.0,Misc,Hudson Soft,0.0,0.0,0.1,0.0,0.1
10228,Pac-Man and the Ghostly Adventures 2,PS3,2014.0,Adventure,Namco Bandai Games,0.05,0.04,0.0,0.02,0.11
3813,Batman: Arkham Origins Blackgate,PSV,2013.0,Action,Warner Bros. Interactive Entertainment,0.2,0.2,0.0,0.13,0.53
7565,Le Mans 24 Hours,PS2,2001.0,Racing,Infogrames,0.09,0.07,0.02,0.02,0.2
3041,Rock Band 3,Wii,2010.0,Misc,MTV Games,0.56,0.06,0.0,0.05,0.67
7159,Conflict: Vietnam,XB,2004.0,Shooter,SCi,0.17,0.05,0.0,0.01,0.22
13875,Gundam Battle Online,DC,2001.0,Action,Namco Bandai Games,0.0,0.0,0.04,0.0,0.04
7366,World Poker Tour,PS2,2005.0,Misc,Take-Two Interactive,0.1,0.08,0.0,0.03,0.21
677,Skylanders SWAP Force,Wii,2013.0,Platform,Activision,1.32,0.83,0.0,0.2,2.34
13572,The Smurfs,PS,1998.0,Action,Infogrames,0.02,0.02,0.0,0.0,0.04
13319,Star Driver: Kagayaki no Takuto - Ginga Bishounen Densetsu,PSP,2011.0,Adventure,Namco Bandai Games,0.0,0.0,0.05,0.0,0.05
7707,Warriors Orochi,X360,2007.0,Action,Tecmo Koei,0.17,0.01,0.0,0.02,0.2
13942,Aquanaut's Holiday: Kakusareta Kiroku,PS3,2008.0,Adventure,Sony Computer Entertainment,0.0,0.0,0.04,0.0,0.04
7697,Backyard Hockey,GBA,2003.0,Sports,Atari,0.14,0.05,0.0,0.0,0.2
11537,Bleach: Erabareshi Tamashii,PS2,2005.0,Adventure,Sony Computer Entertainment,0.0,0.0,0.08,0.0,0.08
9491,TRON: Evolution,PSP,2010.0,Action,Disney Interactive Studios,0.09,0.02,0.0,0.02,0.13
801,World of Warcraft: Cataclysm,PC,2010.0,Role-Playing,Activision,1.77,0.32,0.0,0.0,2.08
1403,Paper Mario,N64,2000.0,Role-Playing,Nintendo,0.58,0.18,0.59,0.02,1.38
1750,LEGO Star Wars III: The Clone Wars,DS,2011.0,Action,LucasArts,0.66,0.39,0.0,0.11,1.16
4591,Crash: Mind Over Mutant,DS,2008.0,Platform,Vivendi Games,0.39,0.0,0.0,0.03,0.42
14275,Best Friends Tonight,DS,2010.0,Misc,Ubisoft,0.03,0.0,0.0,0.0,0.03
7788,Hidden Mysteries: Vampire Secrets,DS,2010.0,Adventure,Astragon,0.06,0.11,0.0,0.02,0.19
9459,The IdolM@ster: One for All,PS3,2014.0,Misc,Namco Bandai Games,0.0,0.0,0.13,0.0,0.13
9157,Bio FREAKS,N64,1998.0,Action,GT Interactive,0.11,0.03,0.0,0.0,0.14
4704,Wolfenstein: The New Order,X360,2014.0,Shooter,Bethesda Softworks,0.18,0.19,0.0,0.04,0.41
11812,Still Life,XB,2005.0,Adventure,Microids,0.05,0.02,0.0,0.0,0.07
1539,Midnight Club 3: DUB Edition (America weekly sales),PS2,2005.0,Racing,Take-Two Interactive,1.22,0.05,0.0,0.01,1.29
10988,MX SuperFly featuring Ricky Carmichael,GC,2002.0,Racing,THQ,0.07,0.02,0.0,0.0,0.09
5159,Rock Band 4,PS4,2015.0,Misc,Harmonix Music Systems,0.25,0.05,0.0,0.07,0.37
14632,Hyakumanton no Bara Bara,PSP,2010.0,Strategy,Sony Computer Entertainment,0.0,0.0,0.03,0.0,0.03
8971,Dance Dance Revolution (North America),PS,2001.0,Simulation,Konami Digital Entertainment,0.08,0.06,0.0,0.01,0.15
5129,Dragonfire,2600,1981.0,Action,Imagic,0.35,0.02,0.0,0.0,0.37
7812,Mace Griffin: Bounty Hunter,PS2,2003.0,Shooter,Electronic Arts,0.09,0.07,0.0,0.02,0.19
4437,Ben 10 Alien Force: Vilgax Attacks,Wii,2009.0,Action,D3Publisher,0.25,0.15,0.0,0.04,0.44
10817,NASCAR,PSP,2006.0,Racing,Electronic Arts,0.09,0.0,0.0,0.01,0.1
14781,GRID Autosport,PC,2014.0,Racing,Codemasters,0.0,0.02,0.0,0.0,0.03
10912,World Championship Poker 2: Featuring Howard Lederer,XB,2005.0,Misc,Crave Entertainment,0.07,0.02,0.0,0.0,0.09
3375,NHL 11,PS3,2010.0,Sports,Electronic Arts,0.4,0.13,0.0,0.07,0.6
8771,The Terminator: Dawn of Fate,XB,2002.0,Action,Atari,0.11,0.03,0.0,0.01,0.15
3036,BioShock Infinite,PC,2013.0,Shooter,Take-Two Interactive,0.28,0.3,0.0,0.08,0.67
10462,Despicable Me: The Game,PS2,2010.0,Platform,D3Publisher,0.05,0.04,0.0,0.01,0.1
9050,Kenka Banchou 5: Otoko no Housoku,PSP,2011.0,Action,Spike,0.0,0.0,0.14,0.0,0.14
8390,VR Golf '97,PS,1996.0,Sports,Gremlin Interactive Ltd,0.09,0.06,0.0,0.01,0.17
10471,Mickey's Speedway USA (weekly JP sales),N64,2000.0,Racing,Nintendo,0.0,0.0,0.1,0.0,0.1
9590,Derby Stallion Advance,GBA,2002.0,Sports,Enterbrain,0.0,0.0,0.12,0.0,0.13
3807,Are You Smarter Than A 5th Grader?,DS,2007.0,Misc,Mindscape,0.48,0.0,0.0,0.04,0.53
15939,Iron Soldier 3,PS,1999.0,Simulation,Telegames,0.01,0.01,0.0,0.0,0.02
7689,Forgotten Realms: Demon Stone,PS2,2004.0,Action,Atari,0.1,0.08,0.0,0.03,0.2
2236,Castlevania II: Simon's Quest,NES,1987.0,Platform,Konami Digital Entertainment,0.45,0.06,0.42,0.0,0.93
5267,Blasto,PS,1998.0,Action,Sony Computer Entertainment,0.2,0.13,0.0,0.02,0.35
10025,Final Fantasy III,PSP,2012.0,Role-Playing,Square Enix,0.0,0.0,0.11,0.0,0.11
7087,Freedom Fighters,XB,2003.0,Shooter,Electronic Arts,0.17,0.05,0.0,0.01,0.23
11613,Phantasy Star Online Episode III: C.A.R.D. Revolution,GC,2003.0,Role-Playing,Sega,0.06,0.02,0.0,0.0,0.08
373,Donkey Kong Country 3: Dixie Kong's Double Trouble!,SNES,1996.0,Platform,Nintendo,1.17,0.5,1.75,0.08,3.51
15188,Shippuu Mahou Daisakusen: Kingdom-Grandprix,SAT,1996.0,Shooter,Gaga,0.0,0.0,0.02,0.0,0.02
13829,Herc's Adventures,PS,1997.0,Action,Virgin Interactive,0.02,0.01,0.0,0.0,0.04
9782,Shin Megami Tensei: Devil Survivor 2,3DS,2015.0,Role-Playing,Atlus,0.0,0.03,0.09,0.0,0.12
6102,Earthworm Jim,GBA,2001.0,Platform,Interplay,0.2,0.08,0.0,0.01,0.29
14137,Maximum Racing: Drag & Stock Racer,Wii,2010.0,Racing,Nordic Games,0.03,0.0,0.0,0.0,0.03
12295,Pop'n Music Portable 2,PSP,2011.0,Misc,Konami Digital Entertainment,0.0,0.0,0.06,0.0,0.06
12706,Blade Dancer: Lineage of Light,PSP,2006.0,Role-Playing,Atari,0.05,0.0,0.0,0.0,0.06
4310,Tales of Vesperia,PS3,2009.0,Role-Playing,Namco Bandai Games,0.0,0.0,0.45,0.0,0.45
15059,Xia-Xia,DS,2012.0,Platform,,0.0,0.02,0.0,0.0,0.02
12026,IA/VT Colorful,PSV,2015.0,Misc,Marvelous Entertainment,0.0,0.0,0.07,0.0,0.07
1864,NERF N-Strike,Wii,2008.0,Shooter,Electronic Arts,0.92,0.09,0.0,0.09,1.1
225,The Simpsons: Hit & Run,PS2,2003.0,Racing,Vivendi Games,1.73,2.19,0.0,0.79,4.7
13742,Worms Armageddon,N64,1999.0,Strategy,Infogrames,0.03,0.01,0.0,0.0,0.04
10794,The Daring Game for Girls,Wii,,Adventure,Unknown,0.09,0.0,0.0,0.01,0.1
3877,Jampack Winter 2002,PS2,2002.0,Misc,Sony Computer Entertainment,0.25,0.2,0.0,0.07,0.52
13987,NHL Legacy,PS3,2015.0,Action,Electronic Arts,0.03,0.0,0.0,0.01,0.04
11393,Meitantei Conan & Kindaichi Shounen no Jikenbou: Meguri au Futari no Meitantei,DS,2009.0,Adventure,Namco Bandai Games,0.0,0.0,0.08,0.0,0.08
11911,James Cameron's Dark Angel,XB,2002.0,Action,Vivendi Games,0.05,0.02,0.0,0.0,0.07
6900,X-Men: Destiny,X360,2011.0,Action,Activision,0.18,0.05,0.0,0.02,0.24
13321,Frogger: Ancient Shadow,GC,2005.0,Platform,Konami Digital Entertainment,0.04,0.01,0.0,0.0,0.05
2711,FIFA Soccer 11,PS2,2010.0,Sports,Electronic Arts,0.11,0.29,0.0,0.36,0.76
6372,Magical Vacation,GBA,2001.0,Role-Playing,Nintendo,0.0,0.0,0.26,0.01,0.27
8256,Kekkaishi: Karasumori Ayakashi Kidan,DS,2007.0,Action,Namco Bandai Games,0.0,0.0,0.17,0.0,0.17
2952,Minecraft: Story Mode,PS3,2015.0,Adventure,Mojang,0.25,0.33,0.0,0.11,0.69
14183,Junior Island Adventure,DS,2011.0,Puzzle,Unknown,0.03,0.0,0.0,0.0,0.03
5841,Lumines ll,PSP,2006.0,Puzzle,Disney Interactive Studios,0.12,0.12,0.0,0.07,0.3
1179,Hannah Montana: Music Jam,DS,2007.0,Action,Disney Interactive Studios,1.06,0.37,0.0,0.15,1.58
15856,Dragon Booster,DS,2005.0,Shooter,Konami Digital Entertainment,0.02,0.0,0.0,0.0,0.02
12935,Chaos;Child,PSV,2015.0,Adventure,5pb,0.0,0.0,0.05,0.0,0.05
4034,Sonic Lost World,3DS,2013.0,Platform,Sega,0.24,0.15,0.07,0.03,0.49
2700,SoulCalibur V,PS3,2012.0,Fighting,Namco Bandai Games,0.35,0.24,0.07,0.1,0.76
13219,World Series of Poker,GC,2005.0,Misc,Activision Value,0.04,0.01,0.0,0.0,0.05
2865,Virtua Fighter 4: Evolution,PS2,2003.0,Fighting,Sega,0.35,0.27,0.0,0.09,0.71
16240,Hiiro no Kakera: Shin Tamayori Hime Denshou Portable,PSP,2010.0,Adventure,Idea Factory,0.0,0.0,0.01,0.0,0.01
3611,Fatal Fury Special,SNES,1994.0,Fighting,Takara,0.0,0.0,0.56,0.0,0.56
9613,Drome Racers,PS2,2002.0,Racing,Electronic Arts,0.06,0.05,0.0,0.02,0.13
15542,The Talos Principle,PS4,2015.0,Puzzle,Devolver Digital,0.0,0.02,0.0,0.0,0.02
11889,Elements of Destruction,DS,2007.0,Strategy,THQ,0.07,0.0,0.0,0.01,0.07
14121,Asterix & Obelix: Kick Buttix,PS2,2004.0,Action,Atari,0.02,0.01,0.0,0.0,0.03
3056,The LEGO Movie Videogame,WiiU,2014.0,Action,Warner Bros. Interactive Entertainment,0.35,0.23,0.03,0.06,0.66
7178,Petz Rescue: Endangered Paradise,DS,2008.0,Adventure,Ubisoft,0.21,0.0,0.0,0.02,0.22
10619,Codename: Kids Next Door: Operation V.I.D.E.O.G.A.M.E.,PS2,2005.0,Platform,Global Star,0.05,0.04,0.0,0.01,0.1
15536,Shrek / Shark Tale Game Boy Advance Video,GBA,2006.0,Misc,Hasbro Interactive,0.01,0.0,0.0,0.0,0.02
1028,Overwatch,PS4,2016.0,Shooter,Activision,0.64,0.68,0.14,0.26,1.73
6629,Ice Age 2: The Meltdown,GBA,2006.0,Platform,Vivendi Games,0.18,0.07,0.0,0.0,0.25
16438,Getsuei Gakuen: kou,PSV,2013.0,Adventure,Arc System Works,0.0,0.0,0.01,0.0,0.01
15179,Eureka Seven Vol. 2: The New Vision,PS2,2006.0,Shooter,Namco Bandai Games,0.0,0.0,0.02,0.0,0.02
4501,007: Quantum of Solace,PS2,2008.0,Action,Activision,0.17,0.0,0.0,0.26,0.43
1984,Forza Motorsport,XB,2005.0,Racing,Microsoft Game Studios,0.52,0.51,0.0,0.02,1.05
12441,Kekkon: Marriage,SAT,1995.0,Adventure,Shogakukan,0.0,0.0,0.06,0.0,0.06
8822,Hidden Mysteries: Salem Secrets - Witch Trials of 1692,DS,2010.0,Puzzle,Astragon,0.09,0.04,0.0,0.01,0.15
3439,Mega Man X7,PS2,2003.0,Action,Capcom,0.22,0.17,0.14,0.06,0.58
3759,Jewel Master Egypt,DS,2009.0,Puzzle,Rondomedia,0.21,0.27,0.0,0.05,0.53
11105,Mad Dog McCree: Gunslinger Pack,Wii,2009.0,Shooter,Majesco Entertainment,0.08,0.0,0.0,0.01,0.09
2770,Final Fantasy XIII-2,X360,2011.0,Role-Playing,Square Enix,0.36,0.3,0.02,0.06,0.74
1621,Medal of Honor: Airborne,PS3,2007.0,Shooter,Electronic Arts,0.25,0.7,0.03,0.25,1.23
5719,Jikkyou Powerful Pro Yakyuu Portable 3,PSP,2008.0,Sports,Konami Digital Entertainment,0.0,0.0,0.31,0.0,0.31
13481,Backyard Baseball '09,Wii,2008.0,Sports,Atari,0.04,0.0,0.0,0.0,0.04
3469,International Superstar Soccer '98,N64,1998.0,Sports,Konami Digital Entertainment,0.06,0.3,0.19,0.03,0.58
5428,Persona 5,PS4,2016.0,Role-Playing,Atlus,0.0,0.0,0.34,0.0,0.34
1983,WWE SmackDown vs. Raw 2010,X360,2009.0,Fighting,THQ,0.56,0.38,0.01,0.11,1.05
6931,TrackMania: Build to Race,Wii,2010.0,Racing,Focus Home Interactive,0.1,0.11,0.0,0.03,0.24
1405,Titanfall,X360,2014.0,Shooter,Electronic Arts,0.87,0.38,0.02,0.11,1.38
15743,TV Anime Idolm@ster: Cinderella Girls G4U! Pack Vol.4,PS3,2015.0,Action,Namco Bandai Games,0.0,0.0,0.02,0.0,0.02
13568,Pro Evolution Soccer 2016,PC,2015.0,Sports,Konami Digital Entertainment,0.0,0.04,0.0,0.0,0.04
2729,Final Fantasy Legend III,GB,1991.0,Role-Playing,SquareSoft,0.0,0.0,0.76,0.0,0.76
5959,Imagine: Makeup Artist,DS,2020.0,Simulation,Ubisoft,0.27,0.0,0.0,0.02,0.29
10305,Irozuki Tingle no Koi no Balloon Trip,DS,2009.0,Adventure,Nintendo,0.0,0.0,0.11,0.0,0.11
640,pro evolution soccer 2011,PS3,2010.0,Sports,Konami Digital Entertainment,0.29,1.18,0.54,0.41,2.42
9029,Casper: Spirit Dimensions,PS2,2001.0,Platform,TDK Mediactive,0.07,0.05,0.0,0.02,0.14
3083,New Play Control! Pikmin,Wii,2008.0,Strategy,Nintendo,0.29,0.14,0.19,0.04,0.66
11108,Bakugan: Rise of the Resistance,DS,2011.0,Strategy,Activision,0.06,0.02,0.0,0.01,0.09
12410,Call of Duty 2,PC,2005.0,Shooter,Activision,0.0,0.05,0.0,0.01,0.06
6063,The Urbz: Sims In the City (US weekly sales),DS,2004.0,Simulation,Electronic Arts,0.27,0.0,0.0,0.02,0.29
845,Forza Horizon,X360,2012.0,Racing,Microsoft Game Studios,0.82,0.98,0.04,0.18,2.02
13504,Just Sing! Vol. 2,DS,2011.0,Misc,PQube,0.0,0.04,0.0,0.01,0.04
4537,Castlevania: Portrait of Ruin,DS,2006.0,Platform,Konami Digital Entertainment,0.33,0.03,0.04,0.03,0.43
11524,Puzzler Mind Gym 3D,3DS,2011.0,Puzzle,Ubisoft,0.07,0.0,0.0,0.0,0.08
1366,Inazuma Eleven 2,DS,2009.0,Role-Playing,Nintendo,0.0,0.21,1.18,0.03,1.42
4135,Tomb Raider: Underworld,Wii,2008.0,Action,Eidos Interactive,0.14,0.28,0.0,0.06,0.48
3828,GT Pro Series,Wii,2006.0,Racing,Ubisoft,0.46,0.01,0.02,0.04,0.52
